MEMORY
  total            17.1 MB
  struct          159.0 KB
  buffer            1.9 MB
  arena            15.0 MB, used 0.5%

SIZES
  narena                15728640
  nbuffer               2017296
  nplugin               0
  maxuse_stack          14844
  maxuse_arena          79408
  maxuse_con            8
  maxuse_efc            61
  solver_nisland        1
  ncon                  5
  ne                    0
  nf                    29
  nl                    0
  nefc                  49
  nJ                    1715
  nA                    0
  nisland               0
  threadpool            0

TIMER
    0:  duration =  0.7        number = 10
    1:  duration =  0.69       number = 10
    2:  duration =  0          number = 0
    3:  duration =  0.48       number = 10
    4:  duration =  0.018      number = 10
    5:  duration =  0.0061     number = 10
    6:  duration =  0.16       number = 10
    7:  duration =  0.0019     number = 10
    8:  duration =  0.042      number = 10
    9:  duration =  0.021      number = 20
    10:  duration =  0.38       number = 10
    11:  duration =  0.039      number = 10
    12:  duration =  0.00025    number = 10
    13:  duration =  0.0079     number = 10
    14:  duration =  0.013      number = 10

SOLVER STAT
  solver_nisland = 1
  solver_fwdinv =   0         0       
  ISLAND 0
    solver_niter = 3
    solver_nnz = 1225
      0:  improvement =  0.024       gradient =  0.077       lineslope =  0.0092  
          nactive = 48   nchange = 3   neval = 6   nupdate = 2
      1:  improvement =  0.048       gradient =  0.019       lineslope =  0       
          nactive = 48   nchange = 1   neval = 3   nupdate = 0
      2:  improvement =  0.013       gradient =  0.0013      lineslope =  0       
          nactive = 48   nchange = 1   neval = 3   nupdate = 1

ENERGY =   0         0       

TIME =  8.2     

QPOS
  -0.14    
   0.028   
   0.88    
   0.77    
  -0.0077  
   0.02    
  -0.64    
  -0.58    
   0.14    
   0.005   
   0.67    
  -0.2     
  -0.011   
  -0.23    
   0.11    
  -0.053   
   0.52    
  -0.36    
  -0.081   
   0.12    
   0.2     
  -0.093   
  -0.11    
   0.35    
  -1.1     
  -0.37    
   0.51    
   0.6     
   0.77    
  -0.13    
  -0.38    
   0.51    
  -0.66    
   0.26    
  -0.0022  
  -0.54    

QVEL
   0.12    
   0.016   
   0.14    
   0.64    
  -0.0055  
  -1.1     
   3       
   0.0016  
   3.4     
  -2.9     
  -0.59    
   0.00079 
  -0.099   
  -0.57    
   1.3     
  -0.17    
   0.33    
   0.15    
  -0.5     
   0.098   
   0.82    
   2       
  -0.89    
  -0.083   
  -0.015   
   0.96    
   0.0078  
   0.038   
  -0.47    
  -0.059   
   0.097   
  -0.055   
  -0.0013  
   0.021   
   0.067   

QACC_WARMSTART
  -0.0036  
   0.47    
  -2.4     
  -12      
   0.34    
   6.3     
  -44      
  -0.79    
  -28      
   44      
   6.2     
  -0.87    
  -1.6     
   11      
  -8       
   3.2     
  -2.5     
  -0.2     
   12      
  -0.24    
  -1.4     
  -4.7     
  -2.4     
   2.3     
  -0.018   
  -5.1     
  -0.12    
  -0.18    
   6.7     
  -2.6     
  -5.1     
  -5       
   0.063   
   0.039   
  -0.0035  

CTRL
  -0.56    
   0.085   
   0.035   
   0.7     
  -0.12    
   0.0022  
  -0.17    
  -0.0011  
   0.021   
   0.42    
  -0.13    
   0.13    
   0.076   
   0.18    
  -0.055   
  -0.043   
   0.36    
  -1.1     
  -0.37    
   0.79    
   0.63    
   0.88    
  -0.15    
  -0.44    
   0.53    
  -0.68    
   0.26    
   0.041   
  -0.41    

QFRC_APPLIED
   0       
   0       
   0       
   0       
   0       
   0       
   0       
   0       
   0       
   0       
   0       
   0       
   0       
   0       
   0       
   0       
   0       
   0       
   0       
   0       
   0       
   0       
   0       
   0       
   0       
   0       
   0       
   0       
   0       
   0       
   0       
   0       
   0       
   0       
   0       

XFRC_APPLIED
   0         0         0         0         0         0       
   0         0         0         0         0         0       
   0         0         0         0         0         0       
   0         0         0         0         0         0       
   0         0         0         0         0         0       
   0         0         0         0         0         0       
   0         0         0         0         0         0       
   0         0         0         0         0         0       
   0         0         0         0         0         0       
   0         0         0         0         0         0       
   0         0         0         0         0         0       
   0         0         0         0         0         0       
   0         0         0         0         0         0       
   0         0         0         0         0         0       
   0         0         0         0         0         0       
   0         0         0         0         0         0       
   0         0         0         0         0         0       
   0         0         0         0         0         0       
   0         0         0         0         0         0       
   0         0         0         0         0         0       
   0         0         0         0         0         0       
   0         0         0         0         0         0       
   0         0         0         0         0         0       
   0         0         0         0         0         0       
   0         0         0         0         0         0       
   0         0         0         0         0         0       
   0         0         0         0         0         0       
   0         0         0         0         0         0       
   0         0         0         0         0         0       
   0         0         0         0         0         0       
   0         0         0         0         0         0       

QACC
  -0.0036  
   0.47    
  -2.4     
  -12      
   0.34    
   6.3     
  -44      
  -0.79    
  -28      
   44      
   6.2     
  -0.87    
  -1.6     
   11      
  -8       
   3.2     
  -2.5     
  -0.2     
   12      
  -0.24    
  -1.4     
  -4.7     
  -2.4     
   2.3     
  -0.018   
  -5.1     
  -0.12    
  -0.18    
   6.7     
  -2.6     
  -5.1     
  -5       
   0.063   
   0.039   
  -0.0035  

SENSOR
   0.0052  
   0.11    
   0.15    
  -0.62    
  -0.2     
   7.4     
   0.66    
  -0.0062  
  -1.1     
   0.042   
  -0.014   
   1       
   0.19    
  -0.98    
  -0.022   
   0.77    
  -0.0082  
   0.021   
  -0.63    
   0.12    
   0.015   
   0.15    
   0.074   
  -0.63    
  -1.1     
  -0.039   
   0.15    
  -0.24    
  -0.0022  
   0.0094  
   0.00042 
   0.021   
  -0.041   
   1       
  -0.0047  
  -0.0004  
   1       
  -12      
  -20      
  -48      
  -13      
  -3.6     
  -4.4e+02 

XPOS
   0         0         0       
  -0.14      0.028     0.88    
  -0.045     0.047     0.85    
  -0.0036    0.078     0.79    
   0.031     0.026     0.76    
   0.09     -0.12      0.43    
   0.045    -0.041     0.07    
   0.045    -0.041     0.07    
  -0.23      0.0097    0.85    
  -0.29      0.024     0.81    
  -0.28     -0.027     0.77    
  -0.22     -0.086     0.41    
  -0.19      0.046     0.063   
  -0.19      0.046     0.063   
  -0.14      0.027     0.93    
  -0.14      0.024     1       
  -0.14      0.012     1.1     
   0.0094   -0.032     1.3     
   0.052    -0.067     1.3     
   0.11     -0.02      1.3     
   0.17      0.03      1.1     
   0.21      0.014     1       
   0.23      0.0042    0.84    
   0.23      0.0042    0.84    
  -0.32     -0.066     1.3     
  -0.35     -0.11      1.3     
  -0.42     -0.075     1.2     
  -0.45     -0.047     1.1     
  -0.48     -0.08      1       
  -0.46     -0.17      0.82    
  -0.46     -0.17      0.82    

XQUAT
   1         0         0         0       
   0.77     -0.0082    0.021    -0.63    
   0.76     -0.4      -0.0093   -0.5     
   0.86     -0.096    -0.19     -0.47    
   0.86     -0.096    -0.19     -0.47    
   0.87      0.066     0.1      -0.47    
   0.88      0.018     0.017    -0.48    
   0.88      0.013     0.019    -0.48    
   0.72      0.15     -0.25     -0.63    
   0.73     -0.029    -0.088    -0.68    
   0.71     -0.026    -0.089    -0.7     
   0.71      0.16      0.099    -0.68    
   0.72      0.031    -0.03     -0.7     
   0.72      0.0018   -0.0016   -0.7     
   0.77      0.04     -0.019    -0.63    
   0.77      0.1       0.059    -0.63    
   0.74      0.1       0.064    -0.66    
   0.71      0.19     -0.094    -0.68    
   0.71      0.19     -0.095    -0.68    
   0.27      0.21      0.013    -0.94    
   0.27      0.035    -0.036    -0.96    
   0.5       0.025    -0.044    -0.86    
   0.49      0.28      0.11     -0.82    
   0.35      0.44     -0.21     -0.8     
   0.76     -0.07      0.13     -0.64    
   0.75     -0.081     0.14     -0.64    
   0.89     -0.043     0.15     -0.43    
   0.89     -0.18     -0.14     -0.39    
   0.94     -0.2      -0.12     -0.27    
   0.94     -0.2      -0.12     -0.27    
   0.85     -0.44     -0.043    -0.29    

XMAT
   1         0         0         0         1         0         0         0         1       
   0.19      0.98      0.042    -0.98      0.19     -0.014    -0.022    -0.039     1       
   0.49      0.78      0.39     -0.76      0.17      0.62      0.42     -0.6       0.68    
   0.49      0.84     -0.24     -0.76      0.55      0.34      0.42      0.015     0.91    
   0.49      0.84     -0.24     -0.76      0.54      0.34      0.42      0.016     0.91    
   0.53      0.84      0.12     -0.81      0.54     -0.21     -0.24      0.016     0.97    
   0.54      0.84      0.012    -0.84      0.54     -0.047    -0.046     0.016     1       
   0.54      0.84      0.021    -0.84      0.55     -0.041    -0.046     0.0046    1       
   0.071     0.83     -0.56     -0.98      0.15      0.1       0.17      0.54      0.82    
   0.071     0.99     -0.09     -0.98      0.084     0.16      0.17      0.077     0.98    
   0.015     1        -0.09     -0.99      0.029     0.16      0.16      0.086     0.98    
   0.058     1        -0.07     -0.93      0.029    -0.36     -0.35      0.086     0.93    
   0.03      1        -0.086    -1         0.029    -0.0028   -0.00026   0.086     1       
   0.03      1        -0.0047   -1         0.03     -0.0004   -0.00026   0.0048    1       
   0.19      0.98     -0.081    -0.98      0.19     -0.038    -0.022     0.087     1       
   0.21      0.98     -0.04     -0.95      0.19     -0.23     -0.22      0.087     0.97    
   0.11      0.99     -0.04     -0.97      0.1      -0.23     -0.23      0.066     0.97    
   0.068     0.92     -0.39     -0.99      0.014    -0.14     -0.12      0.39      0.91    
   0.068     0.92     -0.39     -0.99      0.014    -0.14     -0.12      0.39      0.91    
  -0.77      0.51     -0.39     -0.5      -0.85     -0.14     -0.4       0.089     0.91    
  -0.85      0.51     -0.088    -0.52     -0.85      0.051    -0.049     0.089     0.99    
  -0.5       0.86     -0.088    -0.87     -0.5       0.051     0.00044   0.1       0.99    
  -0.36      0.86     -0.35     -0.74     -0.5      -0.45     -0.56      0.1       0.82    
  -0.36      0.38     -0.85     -0.74     -0.67      0.022    -0.56      0.64      0.52    
   0.15      0.95      0.28     -0.98      0.18     -0.058    -0.11     -0.27      0.96    
   0.15      0.94      0.31     -0.98      0.18     -0.054    -0.11     -0.3       0.95    
   0.59      0.75      0.31     -0.77      0.63     -0.054    -0.24     -0.21      0.95    
   0.66      0.75     -0.11     -0.64      0.63      0.43      0.39     -0.21      0.9     
   0.83      0.55     -0.11     -0.46      0.78      0.43      0.33     -0.3       0.9     
   0.83      0.55     -0.12     -0.46      0.78      0.43      0.33     -0.3       0.9     
   0.83      0.53      0.18     -0.46      0.45      0.77      0.33     -0.72      0.62    

XIPOS
   0         0         0       
  -0.14      0.028     0.88    
  -0.028     0.099     0.79    
   0.018     0.045     0.8     
   0.057    -0.026     0.64    
   0.073    -0.088     0.29    
   0.045    -0.041     0.07    
   0.065    -0.071     0.026   
  -0.28      0.057     0.81    
  -0.29     -0.016     0.81    
  -0.26     -0.051     0.64    
  -0.21     -0.034     0.27    
  -0.19      0.046     0.063   
  -0.19      0.0081    0.021   
  -0.14      0.025     0.97    
  -0.14      0.019     1       
  -0.15     -0.025     1.2     
   0.034    -0.037     1.3     
   0.064    -0.031     1.3     
   0.14     -0.011     1.2     
   0.2       0.011     1.1     
   0.22      0.011     0.95    
   0.23      0.0035    0.84    
   0.29     -0.0029    0.81    
  -0.34     -0.075     1.3     
  -0.37     -0.076     1.3     
  -0.44     -0.071     1.2     
  -0.48     -0.067     1       
  -0.47     -0.12      0.91    
  -0.46     -0.17      0.81    
  -0.48     -0.22      0.78    

XIMAT
   1         0         0         0         1         0         0         0         1       
   0.044    -0.19     -0.98     -0.025     0.98     -0.19      1         0.033     0.039   
  -0.35     -0.94     -0.049     0.66     -0.21     -0.72      0.67     -0.28      0.69    
   0.0048   -0.85      0.53      0.096    -0.53     -0.85      1         0.055     0.079   
   0.87     -0.47     -0.16      0.49      0.76      0.42     -0.075    -0.45      0.89    
   0.94     -0.31      0.13      0.33      0.92     -0.23     -0.05      0.26      0.97    
   0.54      0.84      0.012    -0.84      0.54     -0.047    -0.046     0.016     1       
   0.035    -0.84      0.55     -0.16     -0.54     -0.82      0.99     -0.058    -0.15    
   0.023    -0.84      0.54      0.54     -0.44     -0.72      0.84      0.31      0.45    
  -0.14     -0.98      0.12     -0.2      -0.087    -0.98      0.97     -0.16     -0.19    
   0.98     -0.026    -0.2       0.064     0.98      0.19      0.19     -0.2       0.96    
   0.95     -0.29     -0.071     0.24      0.9      -0.37      0.17      0.34      0.93    
   0.03      1        -0.086    -1         0.029    -0.0028   -0.00026   0.086     1       
   0.052    -1         0.021    -0.11     -0.027    -0.99      0.99      0.049    -0.11    
   0.84      0.54     -0.066    -0.54      0.84     -0.016     0.047     0.049     1       
  -0.047    -0.19     -0.98     -0.13      0.97     -0.18      0.99      0.12     -0.071   
   0.12      0.99     -0.04     -0.96      0.11     -0.26     -0.25      0.07      0.97    
  -0.39     -0.9       0.21     -0.14     -0.17     -0.98      0.91     -0.41     -0.065   
  -0.18      0.57     -0.8      -0.87     -0.47     -0.15     -0.46      0.67      0.58    
  -0.76      0.52     -0.39     -0.5      -0.85     -0.16     -0.42      0.074     0.91    
   0.46      0.77     -0.45     -0.89      0.4      -0.22      0.0072    0.51      0.86    
  -0.46      0.88     -0.1      -0.89     -0.46      0.042    -0.011     0.11      0.99    
  -0.35      0.37     -0.86     -0.45      0.74      0.5       0.82      0.56     -0.097   
   0.34      0.36     -0.87     -0.59      0.8       0.11      0.74      0.47      0.48    
   0.28     -0.96      0.0054   -0.065    -0.025    -1         0.96      0.28     -0.069   
   0.43      0.51      0.75     -0.78      0.62      0.027    -0.45     -0.6       0.66    
   0.58      0.76      0.31     -0.78      0.62     -0.079    -0.25     -0.19      0.95    
   0.65     -0.74      0.17      0.74      0.67      0.06     -0.16      0.089     0.98    
   0.8       0.59     -0.095    -0.5       0.75      0.43      0.32     -0.3       0.9     
  -0.11     -0.82     -0.56      0.43      0.46     -0.77      0.89     -0.33      0.3     
   0.6      -0.78      0.2       0.33      0.46      0.82     -0.73     -0.42      0.54    

XANCHOR
  -0.14      0.028     0.88    
  -0.045     0.047     0.85    
  -0.0036    0.078     0.79    
   0.031     0.026     0.76    
   0.09     -0.12      0.43    
   0.045    -0.041     0.07    
   0.045    -0.041     0.07    
  -0.23      0.0097    0.85    
  -0.29      0.024     0.81    
  -0.28     -0.027     0.77    
  -0.22     -0.086     0.41    
  -0.19      0.046     0.063   
  -0.19      0.046     0.063   
  -0.14      0.027     0.93    
  -0.14      0.024     1       
  -0.14      0.012     1.1     
   0.0094   -0.032     1.3     
   0.052    -0.067     1.3     
   0.11     -0.02      1.3     
   0.17      0.03      1.1     
   0.21      0.014     1       
   0.23      0.0042    0.84    
   0.23      0.0042    0.84    
  -0.32     -0.066     1.3     
  -0.35     -0.11      1.3     
  -0.42     -0.075     1.2     
  -0.45     -0.047     1.1     
  -0.48     -0.08      1       
  -0.46     -0.17      0.82    
  -0.46     -0.17      0.82    

XAXIS
   0         0         1       
   0.78      0.17     -0.6     
   0.49     -0.76      0.42    
  -0.24      0.34      0.91    
   0.84      0.54      0.016   
   0.84      0.54      0.016   
   0.54     -0.84     -0.046   
   0.83      0.15      0.54    
   0.071    -0.98      0.17    
  -0.09      0.16      0.98    
   1         0.029     0.086   
   1         0.029     0.086   
   0.03     -1        -0.00026 
   0.19     -0.98     -0.022   
   0.98      0.19      0.087   
  -0.04     -0.23      0.97    
   0.92      0.014     0.39    
   0.068    -0.99     -0.12    
  -0.39     -0.14      0.91    
   0.51     -0.85      0.089   
  -0.088     0.051     0.99    
   0.86     -0.5       0.1     
  -0.36     -0.74     -0.56    
   0.95      0.18     -0.27    
   0.15     -0.98     -0.11    
   0.31     -0.054     0.95    
   0.75      0.63     -0.21    
  -0.11      0.43      0.9     
   0.55      0.78     -0.3     
   0.83     -0.46      0.33    

GEOM_XPOS
   0         0         0       
  -0.14      0.031     0.89    
  -0.14      0.028     0.87    
  -0.029     0.09      0.79    
   0.019     0.049     0.8     
  -0.0036    0.078     0.79    
   0.057    -0.035     0.63    
   0.048    -0.015     0.67    
   0.085    -0.1       0.49    
   0.072    -0.084     0.28    
   0.074    -0.092     0.3     
   0.052    -0.053     0.13    
   0.045    -0.041     0.07    
   0.063    -0.068     0.021   
   0.069    -0.082     0.014   
  -0.28      0.049     0.81    
  -0.29     -0.014     0.81    
  -0.29      0.024     0.81    
  -0.26     -0.055     0.62    
  -0.27     -0.044     0.66    
  -0.23     -0.086     0.47    
  -0.21     -0.029     0.26    
  -0.21     -0.04      0.29    
  -0.19      0.025     0.12    
  -0.19      0.046     0.063   
  -0.19      0.011     0.015   
  -0.19     -0.0043    0.0087  
  -0.14      0.027     0.97    
  -0.14      0.02      1       
  -0.15     -0.055     1.3     
  -0.15     -0.028     1.2     
  -0.16     -0.13      1.5     
   0.036    -0.033     1.3     
   0.077    -0.028     1.3     
   0.15     -0.007     1.2     
   0.14     -0.0097    1.2     
   0.2       0.013     1.1     
   0.22      0.013     0.97    
   0.22      0.011     0.95    
   0.23      0.0042    0.84    
   0.29     -0.0029    0.81    
   0.3      -0.0042    0.81    
  -0.35     -0.072     1.3     
  -0.38     -0.075     1.3     
  -0.45     -0.07      1.2     
  -0.44     -0.071     1.2     
  -0.48     -0.066     1       
  -0.48     -0.11      0.93    
  -0.47     -0.12      0.92    
  -0.46     -0.17      0.82    
  -0.47     -0.22      0.78    
  -0.47     -0.22      0.77    

GEOM_XMAT
   1         0         0         0         1         0         0         0         1       
   0.035    -0.2      -0.98      0.024     0.98     -0.2       1        -0.017     0.039   
   0.19      0.98      0.042    -0.98      0.19     -0.014    -0.022    -0.039     1       
  -0.055    -0.97      0.22      0.64     -0.21     -0.74      0.76      0.1       0.64    
  -0.44     -0.62      0.65     -0.44     -0.48     -0.76      0.78     -0.62     -0.064   
   0.24      0.84      0.49     -0.34      0.55     -0.76     -0.91      0.015     0.42    
   0.88     -0.44     -0.17      0.46      0.78      0.41     -0.05     -0.44      0.9     
   0.49      0.84     -0.24     -0.76      0.54      0.34      0.42      0.016     0.91    
   0.53      0.84     -0.14     -0.82      0.54      0.19      0.23      0.016     0.97    
   0.68     -0.72      0.12      0.73      0.64     -0.24      0.096     0.25      0.96    
   0.53      0.84      0.12     -0.81      0.54     -0.21     -0.24      0.016     0.97    
   0.52      0.84      0.17     -0.79      0.54     -0.29     -0.34      0.016     0.94    
   0.3       0.96      0.02     -0.95      0.3      -0.052    -0.056    -0.0036    1       
   0.047    -0.84      0.55     -0.13     -0.55     -0.83      0.99     -0.034    -0.14    
   0.54      0.84      0.021    -0.84      0.55     -0.041    -0.046     0.0046    1       
  -0.19     -0.93      0.31      0.34     -0.36     -0.87      0.92     -0.057     0.39    
   0.57     -0.82     -0.065    -0.28     -0.12     -0.95      0.77      0.56     -0.3     
   0.09      0.99      0.071    -0.16      0.084    -0.98     -0.98      0.077     0.17    
   0.98     -0.067    -0.19      0.1       0.98      0.18      0.17     -0.19      0.97    
   0.015     1        -0.09     -0.99      0.029     0.16      0.16      0.086     0.98    
   0.032     1        -0.085    -1         0.029    -0.036    -0.033     0.086     1       
   0.94      0.33     -0.054    -0.33      0.87     -0.37     -0.076     0.37      0.93    
   0.058     1        -0.07     -0.93      0.029    -0.36     -0.35      0.086     0.93    
   0.065     1        -0.064    -0.89      0.029    -0.45     -0.44      0.086     0.89    
  -0.54      0.84     -0.086    -0.84     -0.54      0.0019   -0.045     0.073     1       
   0.028    -1         0.023    -0.091    -0.026    -1         1         0.025    -0.091   
   0.03      1        -0.0047   -1         0.03     -0.0004   -0.00026   0.0048    1       
   0.73      0.67     -0.1      -0.68      0.73     -0.071     0.027     0.12      0.99    
   0.2      -0.063    -0.98     -0.98     -0.09     -0.2      -0.076     0.99     -0.079   
   0.11      0.99     -0.029    -0.94      0.099    -0.32     -0.32      0.065     0.95    
   0.11     -0.99      0.04     -0.97     -0.1       0.23     -0.23     -0.066    -0.97    
   0.11      0.99     -0.04     -0.97      0.1      -0.23     -0.23      0.066     0.97    
  -0.39     -0.91      0.12     -0.14     -0.07     -0.99      0.91     -0.4      -0.099   
  -0.29      0.52     -0.81     -0.75     -0.64     -0.14     -0.59      0.56      0.58    
  -0.76      0.5      -0.4      -0.5      -0.86     -0.12     -0.41      0.11      0.91    
  -0.77     -0.51      0.39     -0.5       0.85      0.14     -0.4      -0.089    -0.91    
   0.66      0.64     -0.39     -0.75      0.63     -0.21      0.11      0.43      0.9     
  -0.85     -0.51      0.088    -0.52      0.85     -0.051    -0.049    -0.089    -0.99    
  -0.42      0.9      -0.094    -0.91     -0.42      0.023    -0.019     0.095     1       
  -0.36      0.36     -0.86     -0.45      0.74      0.5       0.82      0.57     -0.099   
   0.35      0.36     -0.87     -0.6       0.8       0.096     0.72      0.48      0.49    
  -0.36     -0.38      0.85     -0.74      0.67     -0.022    -0.56     -0.64     -0.52    
   0.29     -0.95      0.11     -0.059    -0.13     -0.99      0.96      0.28     -0.093   
   0.51      0.42      0.75     -0.66      0.75      0.03     -0.55     -0.52      0.66    
   0.59      0.74      0.33     -0.77      0.64     -0.045    -0.24     -0.23      0.94    
   0.59     -0.75     -0.31     -0.77     -0.63      0.054    -0.24      0.21     -0.95    
   0.86     -0.5       0.12      0.49      0.87      0.099    -0.15     -0.028     0.99    
   0.66     -0.75      0.11     -0.64     -0.63     -0.43      0.39      0.21     -0.9     
   0.78      0.62     -0.099    -0.53      0.74      0.4       0.32     -0.26      0.91    
  -0.11     -0.82     -0.56      0.43      0.47     -0.77      0.9      -0.32      0.3     
   0.59     -0.78      0.19      0.35      0.47      0.81     -0.73     -0.41      0.55    
   0.83     -0.53     -0.18     -0.46     -0.45     -0.77      0.33      0.72     -0.62    

SITE_XPOS
  -0.14      0.028     0.88    
   0.045    -0.041     0.07    
   0.12     -0.15      0.035   
  -0.19      0.046     0.063   
  -0.19     -0.084     0.034   
   0.3       0.0024    0.8     
  -0.47     -0.23      0.77    

SITE_XMAT
   0.19      0.98      0.042    -0.98      0.19     -0.014    -0.022    -0.039     1       
   0.54      0.84      0.021    -0.84      0.55     -0.041    -0.046     0.0046    1       
   0.54      0.84      0.021    -0.84      0.55     -0.041    -0.046     0.0046    1       
   0.03      1        -0.0047   -1         0.03     -0.0004   -0.00026   0.0048    1       
   0.03      1        -0.0047   -1         0.03     -0.0004   -0.00026   0.0048    1       
  -0.36      0.38     -0.85     -0.74     -0.67      0.022    -0.56      0.64      0.52    
   0.83      0.53      0.18     -0.46      0.45      0.77      0.33     -0.72      0.62    

SUBTREE_COM
  -0.13     -0.014     0.87    
  -0.13     -0.014     0.87    
   0.041    -0.01      0.59    
   0.056    -0.033     0.55    
   0.061    -0.044     0.51    
   0.071    -0.084     0.23    
   0.064    -0.069     0.028   
   0.065    -0.071     0.026   
  -0.26     -0.023     0.59    
  -0.25     -0.039     0.54    
  -0.24     -0.043     0.5     
  -0.2      -0.024     0.22    
  -0.19      0.0098    0.023   
  -0.19      0.0081    0.021   
  -0.15     -0.029     1.2     
  -0.15     -0.035     1.2     
  -0.15     -0.036     1.2     
   0.16     -0.0069    1.1     
   0.16     -0.0054    1.1     
   0.2       0.0031    1       
   0.22      0.0084    0.98    
   0.24      0.0071    0.91    
   0.27     -0.0013    0.82    
   0.29     -0.0029    0.81    
  -0.44     -0.096     1.1     
  -0.44     -0.097     1.1     
  -0.46     -0.1       1       
  -0.47     -0.12      0.94    
  -0.47     -0.15      0.87    
  -0.47     -0.21      0.79    
  -0.48     -0.22      0.78    

CDOF
   0         0         0         1         0         0       
   0         0         0         0         1         0       
   0         0         0         0         0         1       
   0.19     -0.98     -0.022     0.011     0.0022    0.0012  
   0.98      0.19     -0.039    -0.004     0.012    -0.043   
   0.042    -0.014     1         0.042     0.01     -0.0016  
   0.78      0.17     -0.6      -0.033     0.031    -0.034   
   0.49     -0.76      0.42     -0.02     -0.09     -0.14    
  -0.24      0.34      0.91      0.073    -0.12      0.064   
   0.84      0.54      0.016     0.24     -0.37      0.21    
   0.84      0.54      0.016     0.44     -0.67      0.12    
   0.54     -0.84     -0.046    -0.67     -0.43     -0.13    
   0.83      0.15      0.54      0.015     0.043    -0.036   
   0.071    -0.98      0.17     -0.051     0.023     0.16    
  -0.09      0.16      0.98      0.0035    0.16     -0.026   
   1         0.029     0.086     0.0074   -0.45      0.069   
   1         0.029     0.086     0.029    -0.8      -0.061   
   0.03     -1        -0.00026  -0.81     -0.024     0.06    
   0.19     -0.98     -0.022     0.054     0.011    -0.00047 
   0.98      0.19      0.087    -0.023     0.13     -0.04    
  -0.04     -0.23      0.97      0.069     0.0078    0.0048  
   0.92      0.014     0.39     -0.014     0.36      0.019   
   0.068    -0.99     -0.12      0.46      0.053    -0.17    
  -0.39     -0.14      0.91      0.051    -0.38     -0.035   
   0.51     -0.85      0.089     0.21      0.096    -0.28    
  -0.088     0.051     0.99      0.02     -0.35      0.02    
   0.86     -0.5       0.1      -0.013    -0.062    -0.19    
  -0.36     -0.74     -0.56     -0.033     0.21     -0.26    
   0.95      0.18     -0.27     -0.061     0.35      0.015   
   0.15     -0.98     -0.11      0.44      0.042     0.24    
   0.31     -0.054     0.95     -0.038     0.39      0.034   
   0.75      0.63     -0.21     -0.12      0.078    -0.18    
  -0.11      0.43      0.9      -0.11      0.3      -0.16    
   0.55      0.78     -0.3       0.089    -0.13     -0.17    
   0.83     -0.46      0.33     -0.075     0.063     0.28    

CINERT
   0         0         0         0         0         0         0         0         0         0       
   0.055     0.062     0.088    -0.00089   0.0019   -0.0022   -0.1       0.44      0.052     10      
   0.05      0.042     0.055    -0.026     0.019     0.022     0.22      0.25     -0.19      2.2     
   0.013     0.037     0.035    -0.012     0.014     0.0056    0.2       0.079    -0.094     1.4     
   0.39      0.6       0.24      0.02      0.28     -0.035     1.2      -0.079    -1.5       6.4     
   0.8       0.88      0.11      0.034     0.26     -0.093     0.45     -0.17     -1.3       2.3     
   0.019     0.02      0.00093   0.00014   0.0042   -0.00065   0.0052   -0.00081  -0.024     0.03    
   0.46      0.48      0.028     0.0078    0.1      -0.031     0.12     -0.036    -0.54      0.63    
   0.023     0.066     0.071     0.026    -0.021     0.01     -0.35      0.16     -0.13      2.2     
   0.0065    0.041     0.036    -0.00039  -0.014    -0.0002   -0.22     -0.0025   -0.084     1.4     
   0.42      0.53      0.14     -0.03     -0.19     -0.064    -0.87     -0.24     -1.5       6.4     
   0.83      0.84      0.019    -0.004    -0.1      -0.02     -0.18     -0.044    -1.3       2.3     
   0.02      0.02      0.00023   0.00011  -0.0015    0.0015   -0.0019    0.0018   -0.024     0.03    
   0.46      0.46      0.005     0.00089  -0.033     0.012    -0.038     0.014    -0.54      0.63    
   0.031     0.028     0.0057    0.00091   0.0025   -0.0089   -0.023     0.093     0.23      2.4     
   0.016     0.016     0.0023    9.8e-05   0.0012   -0.003    -0.0076    0.019     0.091     0.56    
   1.8       1.9       0.094    -0.0093    0.11      0.086    -0.3      -0.15      4.7       13      
   0.046     0.052     0.0062    0.00084  -0.016     0.0023    0.035    -0.005     0.099     0.22    
   0.23      0.27      0.042     0.0034   -0.094     0.0085    0.21     -0.018     0.49      1.1     
   0.11      0.18      0.064    -0.00091  -0.083    -0.00063   0.24      0.003     0.32      0.9     
   0.045     0.14      0.098    -0.0075   -0.065    -0.0048    0.3       0.023     0.2       0.92    
   0.009     0.12      0.12     -0.0084   -0.026    -0.002     0.33      0.024     0.075     0.96    
   0.00018   0.015     0.015    -0.00075   0.0013    6.2e-05   0.043     0.0021   -0.0036    0.12    
   0.0015    0.064     0.062    -0.0017    0.0089    0.00018   0.15      0.004    -0.021     0.36    
   0.042     0.051     0.011    -0.0029    0.02      0.0058   -0.047    -0.013     0.094     0.22    
   0.2       0.27      0.071    -0.017     0.11      0.029    -0.27     -0.067     0.47      1.1     
   0.096     0.18      0.089    -0.016     0.087     0.016    -0.28     -0.051     0.28      0.9     
   0.031     0.14      0.12     -0.017     0.056     0.0084   -0.32     -0.049     0.16      0.92    
   0.015     0.12      0.12     -0.034     0.014     0.0035   -0.33     -0.1       0.041     0.96    
   0.0031    0.013     0.016    -0.006    -0.0022   -0.001    -0.039    -0.018    -0.0066    0.12    
   0.019     0.046     0.059    -0.026    -0.011    -0.0067   -0.12     -0.074    -0.032     0.36    

ACTUATOR_LENGTH
  -0.58    
   0.14    
  -0.0018  
   0.68    
  -0.2     
  -0.011   
  -0.23    
   0.11    
  -0.056   
   0.53    
  -0.36    
  -0.081   
   0.13    
   0.2     
  -0.094   
  -0.12    
   0.35    
  -1.1     
  -0.37    
   0.5     
   0.6     
   0.77    
  -0.13    
  -0.38    
   0.51    
  -0.66    
   0.26    
  -0.0023  
  -0.54    

actuator_moment
-------------------------------------
       x                             |
        x                            |
         x                           |
          x                          |
           x                         |
            x                        |
             x                       |
              x                      |
               x                     |
                x                    |
                 x                   |
                  x                  |
                   x                 |
                    x                |
                     x               |
                      x              |
                       x             |
                        x            |
                         x           |
                          x          |
                           x         |
                            x        |
                             x       |
                              x      |
                               x     |
                                x    |
                                 x   |
                                  x  |
                                   x |
-------------------------------------

ACTUATOR_MOMENT
     6:  1       
     7:  1       
     8:  1       
     9:  1       
    10:  1       
    11:  1       
    12:  1       
    13:  1       
    14:  1       
    15:  1       
    16:  1       
    17:  1       
    18:  1       
    19:  1       
    20:  1       
    21:  1       
    22:  1       
    23:  1       
    24:  1       
    25:  1       
    26:  1       
    27:  1       
    28:  1       
    29:  1       
    30:  1       
    31:  1       
    32:  1       
    33:  1       
    34:  1       

CRB
   0         0         0         0         0         0         0         0         0         0       
   6.3       7.6       1.8      -0.13      0.43     -0.061     8.9e-16   3.9e-16   2.7e-15   62      
   1.7       2.1       0.47      0.025     0.68     -0.13      2.2       0.051    -3.6       13      
   1.7       2         0.41      0.051     0.66     -0.15      2        -0.2      -3.4       11      
   1.7       2         0.38      0.062     0.65     -0.16      1.8      -0.28     -3.3       9.4     
   1.3       1.4       0.13      0.042     0.37     -0.12      0.58     -0.2      -1.9       2.9     
   0.48      0.5       0.029     0.0079    0.11     -0.031     0.13     -0.037    -0.56      0.66    
   0.46      0.48      0.028     0.0078    0.1      -0.031     0.12     -0.036    -0.54      0.63    
   1.8       2         0.27     -0.0081   -0.37     -0.06     -1.7      -0.11     -3.6       13      
   1.7       1.9       0.2      -0.034    -0.35     -0.07     -1.3      -0.27     -3.5       11      
   1.7       1.8       0.17     -0.033    -0.33     -0.07     -1.1      -0.27     -3.4       9.4     
   1.3       1.3       0.024    -0.003    -0.14     -0.0063   -0.22     -0.028    -1.9       2.9     
   0.48      0.48      0.0052    0.001    -0.034     0.013    -0.04      0.016    -0.56      0.66    
   0.46      0.46      0.005     0.00089  -0.033     0.012    -0.038     0.014    -0.54      0.63    
   2.7       3.6       0.99     -0.14      0.11      0.13     -0.43     -0.38      7.2       25      
   2.7       3.5       0.99     -0.14      0.11      0.14     -0.41     -0.47      7         23      
   2.7       3.5       0.99     -0.14      0.11      0.14     -0.4      -0.49      6.9       23      
   0.44      0.84      0.4      -0.015    -0.27      0.0036    1.3       0.033     1.2       4.5     
   0.4       0.79      0.4      -0.016    -0.26      0.0013    1.3       0.038     1.1       4.3     
   0.17      0.52      0.36     -0.019    -0.16     -0.0072    1.1       0.056     0.57      3.3     
   0.055     0.34      0.29     -0.018    -0.08     -0.0065    0.82      0.053     0.25      2.4     
   0.011     0.2       0.19     -0.011    -0.016    -0.0017    0.52      0.03      0.05      1.4     
   0.0017    0.079     0.078    -0.0024    0.01      0.00024   0.19      0.0061   -0.025     0.48    
   0.0015    0.064     0.062    -0.0017    0.0089    0.00018   0.15      0.004    -0.021     0.36    
   0.41      0.81      0.49     -0.12      0.28      0.055    -1.4      -0.37      1         4.6     
   0.37      0.76      0.48     -0.12      0.26      0.049    -1.4      -0.36      0.91      4.3     
   0.16      0.5       0.4      -0.099     0.14      0.021    -1.1      -0.29      0.45      3.3     
   0.068     0.32      0.32     -0.083     0.057     0.0042   -0.82     -0.24      0.16      2.4     
   0.037     0.18      0.2      -0.066     0.00086  -0.0042   -0.49     -0.19      0.0022    1.4     
   0.022     0.06      0.075    -0.032    -0.013    -0.0077   -0.16     -0.092    -0.039     0.48    
   0.019     0.046     0.059    -0.026    -0.011    -0.0067   -0.12     -0.074    -0.032     0.36    

QM
   62      
   0         62      
   0         0         62      
   0.69      0.14      0.076     7.6     
  -0.25      0.73     -2.7      -0.17      6.4     
   2.6       0.62     -0.1       0.29      0.58      2       
  -1         1.9      -0.76     -0.43      1.2       0.31      1       
   2.5       1.5      -0.098     1.4       0.52      0.6       0.11      1.6     
  -0.21     -0.3       0.061    -0.2      -0.18     -0.079    -0.11     -0.23      0.31    
  -0.32      0.49      0.12     -0.14      0.39      0.079     0.29     -0.012    -0.017     0.31    
  -0.015     0.023    -0.023    -0.014     0.027     0.0041    0.021     0.00035  -0.0012    0.012     0.059   
   0.022     0.015     9.7e-05   0.022     0.0084    0.0061    0.0037    0.021    -0.0059   -2.6e-05  -1.5e-06   0.056   
  -0.29      2.7      -0.3       0.14      1.5      -0.16                                                                  1.3     
   2.9       0.28      0.39      1.5      -0.18      0.19                                                                 -0.05      1.7     
  -0.25      0.15     -0.047    -0.18      0.12     -0.0019                                                                0.099    -0.17      0.29    
  -0.032     0.56      0.18      0.049     0.42     -0.016                                                                 0.35      0.031     0.018     0.31    
   0.0013    0.027    -0.024     0.0072    0.025    -1.4e-05                                                               0.021     0.00071   0.00097   0.01      0.059   
   0.027     0.00079   0.00015   0.023    -0.0039    0.001                                                                -0.0027    0.021    -0.004    -0.00017   0.00011   0.056   
  -5.7      -1.1      -0.51      3.1       0.0025   -0.3                                                                                                                               3.1     
   0.85     -3.7      -1.3      -0.042     1.7       0.22                                                                                                                             -0.035     1.5     
   0.43      0.064     0.033     0.18     -0.1       0.97                                                                                                                              0.19      0.019     1.2     
  -0.058     1.1       0.096     0.01     -0.13      0.38                                                                                                                              0.017     0.053     0.39      0.44    
   0.97      0.0046    0.5       0.081    -0.028     0.024                                                                                                                             0.12     -0.046     0.069    -5.5e-05   0.44    
   0.037    -0.04      0.0096    0.0052   -0.0017   -0.012                                                                                                                             0.0065   -0.0089   -0.0097   -0.02      0.02      0.015   
   0.27      0.17      0.082     0.027    -0.012     0.072                                                                                                                             0.04      0.012     0.083     0.081     0.14      0.0039    0.086   
   0.00068   0.021    -0.001    -0.00013   0.0011    0.01                                                                                                                              8.7e-05   0.0049    0.0096    0.013     0.00033   0.00039   0.0038    0.012   
   0.0054    0.011     0.0085    0.0042   -0.00026   0.0051                                                                                                                            0.0045    0.0016    0.006     0.0068    0.0051    0.00025   0.0042    0.00075   0.011   
   0.0063   -0.016     0.017     0.0075   -0.003    -0.0067                                                                                                                            0.0076   -0.0058   -0.0044   -0.009     0.0074    0.00085   0.0006   -0.0011   -6.1e-06   0.012   
  -0.2       1        -0.037     0.018    -0.043    -0.38                                                                                                                              0.019     0.041    -0.37                                                                            0.42    
   0.97      0.19     -0.36      0.065     0.021     0.086                                                                                                                             0.11      0.03      0.12                                                                           -0.00048   0.41    
   0.13      0.093    -0.038     0.02      0.0074   -0.0021                                                                                                                            0.027     0.015     0.0044                                                                          0.032     0.072     0.035   
  -0.22      0.23     -0.088     0.03      0.023    -0.12                                                                                                                              0.023     0.041    -0.12                                                                            0.14     -0.068    -0.004     0.089   
   0.011    -0.0081    0.0053   -0.0013   -0.0022    0.0063                                                                                                                           -0.00094  -0.0026    0.0064                                                                         -0.0066    0.0039    0.0017   -0.0049    0.011   
  -0.016     0.0087   -0.0061    0.00088   0.0028   -0.0069                                                                                                                            0.00029   0.0033   -0.0073                                                                          0.0078   -0.0064   -0.0016    0.0063   -0.0009    0.011   
   0.012     0.0083   -0.019     0.0087    0.0042    0.00067                                                                                                                           0.0094    0.0049    0.0022                                                                          0.0053    0.0096    0.0038    0.0015   -3.5e-06   7.9e-06   0.012   

QLD
     0:  32      
     0: -0.025      1:  35      
     0: -0.036      1: -0.022      2:  57      
     0:  0.78       1:  0.16       2: -0.027      3:  1.6     
     0: -0.16       1:  0.3        2:  0.05       3: -0.047      4:  1       
     0:  0.5        1:  0.29       2:  0.13       3:  0.14       4:  0.15       5:  0.72    
     0: -1.2        1:  1.9        2: -1.2        3: -0.58       4:  1.1        5:  0.27       6:  0.71    
     0:  1.6        1:  0.94       2: -0.031      3:  0.85       4:  0.29       5:  0.38       6:  0.038      7:  1.4     
     0: -0.71       1: -0.88       2:  0.21       3: -0.66       4: -0.49       5: -0.24       6: -0.29       7: -0.72       8:  0.31    
     0: -1          1:  1.5        2:  0.4        3: -0.45       4:  1.2        5:  0.25       6:  0.91       7: -0.038      8: -0.054      9:  0.31    
     0: -0.25       1:  0.4        2: -0.38       3: -0.23       4:  0.46       5:  0.069      6:  0.35       7:  0.006      8: -0.021      9:  0.21      10:  0.059   
     0:  0.4        1:  0.26       2:  0.0017     3:  0.38       4:  0.15       5:  0.11       6:  0.065      7:  0.37       8: -0.1        9: -0.00045   10: -2.7e-05   11:  0.056   
     0: -0.13       1:  2.2        2: -0.53       3:  0.19       4:  1.1        5: -0.15      12:  0.9     
     0:  1.8        1:  0.19       2:  0.22       3:  0.89       4: -0.11       5:  0.12      12: -0.024     13:  1.6     
     0: -0.87       1:  0.4        2: -0.2        3: -0.61       4:  0.32       5: -0.0032    12:  0.27      13: -0.6       14:  0.29    
     0: -0.1        1:  1.8        2:  0.59       3:  0.15       4:  1.4        5: -0.052     12:  1.1       13:  0.1       14:  0.057     15:  0.31    
     0:  0.02       1:  0.45       2: -0.4        3:  0.12       4:  0.42       5: -0.00028   12:  0.35      13:  0.011     14:  0.016     15:  0.18      16:  0.059   
     0:  0.47       1:  0.014      2:  0.0027     3:  0.41       4: -0.069      5:  0.018     12: -0.048     13:  0.38      14: -0.071     15: -0.003     16:  0.002     17:  0.056   
     0: -2.1        1: -0.46       2: -0.16       3:  1          4:  0.02       5: -0.13      18:  3       
     0:  0.64       1: -2.7        2: -0.74       3: -0.052      4:  1.2        5:  0.14      18: -0.046     19:  1.4     
     0: -0.22       1:  0.018      2: -0.027      3:  0.24       4: -0.093      5:  0.5       18:  0.23      19: -0.021     20:  0.51    
     0: -0.042      1:  2.7        2:  0.81       3:  0.043      4: -0.47       5:  0.92      18:  0.063     19: -0.021     20:  0.95      21:  0.27    
     0:  2.5        1: -1.1        2:  1.8        3:  0.15       4: -0.029      5: -0.35      18:  0.25      19: -0.26      20: -0.24      21: -0.49      22:  0.2     
     0:  1.7        1: -3.2        2:  0.33       3:  0.24       4: -0.068      5: -1         18:  0.28      19: -0.62      20: -0.89      21: -1.6       22:  0.88      23:  0.015   
     0:  3.2        1:  1.9        2:  0.93       3:  0.3        4: -0.14       5:  0.8       18:  0.45      19:  0.12      20:  0.94      21:  0.9       22:  1.6       23:  0.043     24:  0.084   
     0:  0.074      1:  1.6        2: -0.0071     3:  0.023      4:  0.071      5:  0.76      18:  0.04      19:  0.36      20:  0.74      21:  0.95      22:  0.055     23:  0.038     24:  0.3       25:  0.012   
     0:  0.49       1:  1          2:  0.78       3:  0.38       4: -0.024      5:  0.47      18:  0.41      19:  0.15      20:  0.54      21:  0.62      22:  0.47      23:  0.022     24:  0.39      25:  0.068     26:  0.011   
     0:  0.53       1: -1.3        2:  1.4        3:  0.63       4: -0.25       5: -0.56      18:  0.64      19: -0.49      20: -0.37      21: -0.76      22:  0.62      23:  0.071     24:  0.05      25: -0.091     26: -0.00051   27:  0.012   
     0: -0.39       1:  3.2        2:  1.1        3: -0.33       4: -0.53       5: -1.1       18: -0.32      19: -0.27      20: -1.1       28:  0.17    
     0:  2.6        1:  0.75       2: -1.6        3:  0.2        4:  0.092      5:  0.044     18:  0.32      19:  0.12      20:  0.13      28:  0.13      29:  0.22    
     0:  3.6        1:  3.1        2: -1.1        3:  0.57       4:  0.23       5: -0.25      18:  0.75      19:  0.48      20: -0.064     28:  1.1       29:  2         30:  0.033   
     0: -2.5        1:  2.7        2: -0.96       3:  0.34       4:  0.24       5: -1.3       18:  0.25      19:  0.46      20: -1.3       28:  1.5       29: -0.76      30: -0.035     31:  0.084   
     0:  0.87       1: -0.65       2:  0.42       3: -0.11       4: -0.17       5:  0.5       18: -0.08      19: -0.21      20:  0.51      28: -0.53      29:  0.3       30:  0.14      31: -0.38      32:  0.011   
     0: -1.4        1:  0.77       2: -0.53       3:  0.077      4:  0.25       5: -0.61      18:  0.025     19:  0.29      20: -0.64      28:  0.68      29: -0.56      30: -0.14      31:  0.56      32: -0.079     33:  0.011   
     0:  1          1:  0.7        2: -1.6        3:  0.73       4:  0.35       5:  0.056     18:  0.79      19:  0.41      20:  0.18      28:  0.44      29:  0.81      30:  0.32      31:  0.12      32: -0.0003    33:  0.00067   34:  0.012   

QLDIAGINV
   0.031   
   0.029   
   0.017   
   0.63    
   0.97    
   1.4     
   1.4     
   0.69    
   3.2     
   3.2     
   17      
   18      
   1.1     
   0.64    
   3.5     
   3.2     
   17      
   18      
   0.34    
   0.7     
   2       
   3.7     
   4.9     
   67      
   12      
   84      
   91      
   84      
   5.9     
   4.6     
   31      
   12      
   88      
   88      
   84      

B: body-dof matrix
-------------------------------------
 xxxxxxxxxxxxxxxxxxxxxxxxxxxxxxxxxxx |
 xxxxxxxxxxxxxxxxxxxxxxxxxxxxxxxxxxx |
 xxxxxxxxxxxx                        |
 xxxxxxxxxxxx                        |
 xxxxxxxxxxxx                        |
 xxxxxxxxxxxx                        |
 xxxxxxxxxxxx                        |
 xxxxxxxxxxxx                        |
 xxxxxx      xxxxxx                  |
 xxxxxx      xxxxxx                  |
 xxxxxx      xxxxxx                  |
 xxxxxx      xxxxxx                  |
 xxxxxx      xxxxxx                  |
 xxxxxx      xxxxxx                  |
 xxxxxx            xxxxxxxxxxxxxxxxx |
 xxxxxx            xxxxxxxxxxxxxxxxx |
 xxxxxx            xxxxxxxxxxxxxxxxx |
 xxxxxx            xxxxxxxxxx        |
 xxxxxx            xxxxxxxxxx        |
 xxxxxx            xxxxxxxxxx        |
 xxxxxx            xxxxxxxxxx        |
 xxxxxx            xxxxxxxxxx        |
 xxxxxx            xxxxxxxxxx        |
 xxxxxx            xxxxxxxxxx        |
 xxxxxx            xxx       xxxxxxx |
 xxxxxx            xxx       xxxxxxx |
 xxxxxx            xxx       xxxxxxx |
 xxxxxx            xxx       xxxxxxx |
 xxxxxx            xxx       xxxxxxx |
 xxxxxx            xxx       xxxxxxx |
 xxxxxx            xxx       xxxxxxx |
-------------------------------------

B_rownnz              35 35 12 12 12 12 12 12 12 12 12 12 12 12 23 23 23 16 16 16 16 16 16 16 16 16 16 16 16 16 16

B_rowadr              0 35 70 82 94 106 118 130 142 154 166 178 190 202 214 237 260 283 299 315 331 347 363 379 395 411 427 443 459 475 491

B_colind              0 1 2 3 4 5 6 7 8 9 10 11 12 13 14 15 16 17 18 19 20 21 22 23 24 25 26 27 28 29 30 31 32 33 34 0 1 2 3 4 5 6 7 8 9 10 11 12 13 14 15 16 17 18 19 20 21 22 23 24 25 26 27 28 29 30 31 32 33 34 0 1 2 3 4 5 6 7 8 9 10 11 0 1 2 3 4 5 6 7 8 9 10 11 0 1 2 3 4 5 6 7 8 9 10 11 0 1 2 3 4 5 6 7 8 9 10 11 0 1 2 3 4 5 6 7 8 9 10 11 0 1 2 3 4 5 6 7 8 9 10 11 0 1 2 3 4 5 12 13 14 15 16 17 0 1 2 3 4 5 12 13 14 15 16 17 0 1 2 3 4 5 12 13 14 15 16 17 0 1 2 3 4 5 12 13 14 15 16 17 0 1 2 3 4 5 12 13 14 15 16 17 0 1 2 3 4 5 12 13 14 15 16 17 0 1 2 3 4 5 18 19 20 21 22 23 24 25 26 27 28 29 30 31 32 33 34 0 1 2 3 4 5 18 19 20 21 22 23 24 25 26 27 28 29 30 31 32 33 34 0 1 2 3 4 5 18 19 20 21 22 23 24 25 26 27 28 29 30 31 32 33 34 0 1 2 3 4 5 18 19 20 21 22 23 24 25 26 27 0 1 2 3 4 5 18 19 20 21 22 23 24 25 26 27 0 1 2 3 4 5 18 19 20 21 22 23 24 25 26 27 0 1 2 3 4 5 18 19 20 21 22 23 24 25 26 27 0 1 2 3 4 5 18 19 20 21 22 23 24 25 26 27 0 1 2 3 4 5 18 19 20 21 22 23 24 25 26 27 0 1 2 3 4 5 18 19 20 21 22 23 24 25 26 27 0 1 2 3 4 5 18 19 20 28 29 30 31 32 33 34 0 1 2 3 4 5 18 19 20 28 29 30 31 32 33 34 0 1 2 3 4 5 18 19 20 28 29 30 31 32 33 34 0 1 2 3 4 5 18 19 20 28 29 30 31 32 33 34 0 1 2 3 4 5 18 19 20 28 29 30 31 32 33 34 0 1 2 3 4 5 18 19 20 28 29 30 31 32 33 34 0 1 2 3 4 5 18 19 20 28 29 30 31 32 33 34

M: inertia matrix
-------------------------------------
 x                                   |
 xx                                  |
 xxx                                 |
 xxxx                                |
 xxxxx                               |
 xxxxxx                              |
 xxxxxxx                             |
 xxxxxxxx                            |
 xxxxxxxxx                           |
 xxxxxxxxxx                          |
 xxxxxxxxxxx                         |
 xxxxxxxxxxxx                        |
 xxxxxx      x                       |
 xxxxxx      xx                      |
 xxxxxx      xxx                     |
 xxxxxx      xxxx                    |
 xxxxxx      xxxxx                   |
 xxxxxx      xxxxxx                  |
 xxxxxx            x                 |
 xxxxxx            xx                |
 xxxxxx            xxx               |
 xxxxxx            xxxx              |
 xxxxxx            xxxxx             |
 xxxxxx            xxxxxx            |
 xxxxxx            xxxxxxx           |
 xxxxxx            xxxxxxxx          |
 xxxxxx            xxxxxxxxx         |
 xxxxxx            xxxxxxxxxx        |
 xxxxxx            xxx       x       |
 xxxxxx            xxx       xx      |
 xxxxxx            xxx       xxx     |
 xxxxxx            xxx       xxxx    |
 xxxxxx            xxx       xxxxx   |
 xxxxxx            xxx       xxxxxx  |
 xxxxxx            xxx       xxxxxxx |
-------------------------------------

M_rownnz              1 2 3 4 5 6 7 8 9 10 11 12 7 8 9 10 11 12 7 8 9 10 11 12 13 14 15 16 10 11 12 13 14 15 16

M_rowadr              0 1 3 6 10 15 21 28 36 45 55 66 78 85 93 102 112 123 135 142 150 159 169 180 192 205 219 234 250 260 271 283 296 310 325

M_colind              0 0 1 0 1 2 0 1 2 3 0 1 2 3 4 0 1 2 3 4 5 0 1 2 3 4 5 6 0 1 2 3 4 5 6 7 0 1 2 3 4 5 6 7 8 0 1 2 3 4 5 6 7 8 9 0 1 2 3 4 5 6 7 8 9 10 0 1 2 3 4 5 6 7 8 9 10 11 0 1 2 3 4 5 12 0 1 2 3 4 5 12 13 0 1 2 3 4 5 12 13 14 0 1 2 3 4 5 12 13 14 15 0 1 2 3 4 5 12 13 14 15 16 0 1 2 3 4 5 12 13 14 15 16 17 0 1 2 3 4 5 18 0 1 2 3 4 5 18 19 0 1 2 3 4 5 18 19 20 0 1 2 3 4 5 18 19 20 21 0 1 2 3 4 5 18 19 20 21 22 0 1 2 3 4 5 18 19 20 21 22 23 0 1 2 3 4 5 18 19 20 21 22 23 24 0 1 2 3 4 5 18 19 20 21 22 23 24 25 0 1 2 3 4 5 18 19 20 21 22 23 24 25 26 0 1 2 3 4 5 18 19 20 21 22 23 24 25 26 27 0 1 2 3 4 5 18 19 20 28 0 1 2 3 4 5 18 19 20 28 29 0 1 2 3 4 5 18 19 20 28 29 30 0 1 2 3 4 5 18 19 20 28 29 30 31 0 1 2 3 4 5 18 19 20 28 29 30 31 32 0 1 2 3 4 5 18 19 20 28 29 30 31 32 33 0 1 2 3 4 5 18 19 20 28 29 30 31 32 33 34

mapM2M                0 2 1 5 4 3 9 8 7 6 14 13 12 11 10 20 19 18 17 16 15 27 26 25 24 23 22 21 35 34 33 32 31 30 29 28 44 43 42 41 40 39 38 37 36 54 53 52 51 50 49 48 47 46 45 65 64 63 62 61 60 59 58 57 56 55 77 76 75 74 73 72 71 70 69 68 67 66 84 83 82 81 80 79 78 92 91 90 89 88 87 86 85 101 100 99 98 97 96 95 94 93 111 110 109 108 107 106 105 104 103 102 122 121 120 119 118 117 116 115 114 113 112 134 133 132 131 130 129 128 127 126 125 124 123 141 140 139 138 137 136 135 149 148 147 146 145 144 143 142 158 157 156 155 154 153 152 151 150 168 167 166 165 164 163 162 161 160 159 179 178 177 176 175 174 173 172 171 170 169 191 190 189 188 187 186 185 184 183 182 181 180 204 203 202 201 200 199 198 197 196 195 194 193 192 218 217 216 215 214 213 212 211 210 209 208 207 206 205 233 232 231 230 229 228 227 226 225 224 223 222 221 220 219 249 248 247 246 245 244 243 242 241 240 239 238 237 236 235 234 259 258 257 256 255 254 253 252 251 250 270 269 268 267 266 265 264 263 262 261 260 282 281 280 279 278 277 276 275 274 273 272 271 295 294 293 292 291 290 289 288 287 286 285 284 283 309 308 307 306 305 304 303 302 301 300 299 298 297 296 324 323 322 321 320 319 318 317 316 315 314 313 312 311 310 340 339 338 337 336 335 334 333 332 331 330 329 328 327 326 325

C: reduced dof-dof matrix
-------------------------------------
 x                                   |
 xx                                  |
 xxx                                 |
 xxxx                                |
 xxxxx                               |
 xxxxxx                              |
 xxxxxxx                             |
 xxxxxxxx                            |
 xxxxxxxxx                           |
 xxxxxxxxxx                          |
 xxxxxxxxxxx                         |
 xxxxxxxxxxxx                        |
 xxxxxx      x                       |
 xxxxxx      xx                      |
 xxxxxx      xxx                     |
 xxxxxx      xxxx                    |
 xxxxxx      xxxxx                   |
 xxxxxx      xxxxxx                  |
 xxxxxx            x                 |
 xxxxxx            xx                |
 xxxxxx            xxx               |
 xxxxxx            xxxx              |
 xxxxxx            xxxxx             |
 xxxxxx            xxxxxx            |
 xxxxxx            xxxxxxx           |
 xxxxxx            xxxxxxxx          |
 xxxxxx            xxxxxxxxx         |
 xxxxxx            xxxxxxxxxx        |
 xxxxxx            xxx       x       |
 xxxxxx            xxx       xx      |
 xxxxxx            xxx       xxx     |
 xxxxxx            xxx       xxxx    |
 xxxxxx            xxx       xxxxx   |
 xxxxxx            xxx       xxxxxx  |
 xxxxxx            xxx       xxxxxxx |
-------------------------------------

C_rownnz              1 2 3 4 5 6 7 8 9 10 11 12 7 8 9 10 11 12 7 8 9 10 11 12 13 14 15 16 10 11 12 13 14 15 16

C_rowadr              0 1 3 6 10 15 21 28 36 45 55 66 78 85 93 102 112 123 135 142 150 159 169 180 192 205 219 234 250 260 271 283 296 310 325

C_colind              0 0 1 0 1 2 0 1 2 3 0 1 2 3 4 0 1 2 3 4 5 0 1 2 3 4 5 6 0 1 2 3 4 5 6 7 0 1 2 3 4 5 6 7 8 0 1 2 3 4 5 6 7 8 9 0 1 2 3 4 5 6 7 8 9 10 0 1 2 3 4 5 6 7 8 9 10 11 0 1 2 3 4 5 12 0 1 2 3 4 5 12 13 0 1 2 3 4 5 12 13 14 0 1 2 3 4 5 12 13 14 15 0 1 2 3 4 5 12 13 14 15 16 0 1 2 3 4 5 12 13 14 15 16 17 0 1 2 3 4 5 18 0 1 2 3 4 5 18 19 0 1 2 3 4 5 18 19 20 0 1 2 3 4 5 18 19 20 21 0 1 2 3 4 5 18 19 20 21 22 0 1 2 3 4 5 18 19 20 21 22 23 0 1 2 3 4 5 18 19 20 21 22 23 24 0 1 2 3 4 5 18 19 20 21 22 23 24 25 0 1 2 3 4 5 18 19 20 21 22 23 24 25 26 0 1 2 3 4 5 18 19 20 21 22 23 24 25 26 27 0 1 2 3 4 5 18 19 20 28 0 1 2 3 4 5 18 19 20 28 29 0 1 2 3 4 5 18 19 20 28 29 30 0 1 2 3 4 5 18 19 20 28 29 30 31 0 1 2 3 4 5 18 19 20 28 29 30 31 32 0 1 2 3 4 5 18 19 20 28 29 30 31 32 33 0 1 2 3 4 5 18 19 20 28 29 30 31 32 33 34

mapM2C                0 2 1 5 4 3 9 8 7 6 14 13 12 11 10 20 19 18 17 16 15 27 26 25 24 23 22 21 35 34 33 32 31 30 29 28 44 43 42 41 40 39 38 37 36 54 53 52 51 50 49 48 47 46 45 65 64 63 62 61 60 59 58 57 56 55 77 76 75 74 73 72 71 70 69 68 67 66 84 83 82 81 80 79 78 92 91 90 89 88 87 86 85 101 100 99 98 97 96 95 94 93 111 110 109 108 107 106 105 104 103 102 122 121 120 119 118 117 116 115 114 113 112 134 133 132 131 130 129 128 127 126 125 124 123 141 140 139 138 137 136 135 149 148 147 146 145 144 143 142 158 157 156 155 154 153 152 151 150 168 167 166 165 164 163 162 161 160 159 179 178 177 176 175 174 173 172 171 170 169 191 190 189 188 187 186 185 184 183 182 181 180 204 203 202 201 200 199 198 197 196 195 194 193 192 218 217 216 215 214 213 212 211 210 209 208 207 206 205 233 232 231 230 229 228 227 226 225 224 223 222 221 220 219 249 248 247 246 245 244 243 242 241 240 239 238 237 236 235 234 259 258 257 256 255 254 253 252 251 250 270 269 268 267 266 265 264 263 262 261 260 282 281 280 279 278 277 276 275 274 273 272 271 295 294 293 292 291 290 289 288 287 286 285 284 283 309 308 307 306 305 304 303 302 301 300 299 298 297 296 324 323 322 321 320 319 318 317 316 315 314 313 312 311 310 340 339 338 337 336 335 334 333 332 331 330 329 328 327 326 325

D: dof-dof matrix
-------------------------------------
 Dxxxxxxxxxxxxxxxxxxxxxxxxxxxxxxxxxx |
 xDxxxxxxxxxxxxxxxxxxxxxxxxxxxxxxxxx |
 xxDxxxxxxxxxxxxxxxxxxxxxxxxxxxxxxxx |
 xxxDxxxxxxxxxxxxxxxxxxxxxxxxxxxxxxx |
 xxxxDxxxxxxxxxxxxxxxxxxxxxxxxxxxxxx |
 xxxxxDxxxxxxxxxxxxxxxxxxxxxxxxxxxxx |
 xxxxxxDxxxxx                        |
 xxxxxxxDxxxx                        |
 xxxxxxxxDxxx                        |
 xxxxxxxxxDxx                        |
 xxxxxxxxxxDx                        |
 xxxxxxxxxxxD                        |
 xxxxxx      Dxxxxx                  |
 xxxxxx      xDxxxx                  |
 xxxxxx      xxDxxx                  |
 xxxxxx      xxxDxx                  |
 xxxxxx      xxxxDx                  |
 xxxxxx      xxxxxD                  |
 xxxxxx            Dxxxxxxxxxxxxxxxx |
 xxxxxx            xDxxxxxxxxxxxxxxx |
 xxxxxx            xxDxxxxxxxxxxxxxx |
 xxxxxx            xxxDxxxxxx        |
 xxxxxx            xxxxDxxxxx        |
 xxxxxx            xxxxxDxxxx        |
 xxxxxx            xxxxxxDxxx        |
 xxxxxx            xxxxxxxDxx        |
 xxxxxx            xxxxxxxxDx        |
 xxxxxx            xxxxxxxxxD        |
 xxxxxx            xxx       Dxxxxxx |
 xxxxxx            xxx       xDxxxxx |
 xxxxxx            xxx       xxDxxxx |
 xxxxxx            xxx       xxxDxxx |
 xxxxxx            xxx       xxxxDxx |
 xxxxxx            xxx       xxxxxDx |
 xxxxxx            xxx       xxxxxxD |
-------------------------------------

D_rownnz              35 35 35 35 35 35 12 12 12 12 12 12 12 12 12 12 12 12 23 23 23 16 16 16 16 16 16 16 16 16 16 16 16 16 16

D_rowadr              0 35 70 105 140 175 210 222 234 246 258 270 282 294 306 318 330 342 354 377 400 423 439 455 471 487 503 519 535 551 567 583 599 615 631

D_colind              0 1 2 3 4 5 6 7 8 9 10 11 12 13 14 15 16 17 18 19 20 21 22 23 24 25 26 27 28 29 30 31 32 33 34 0 1 2 3 4 5 6 7 8 9 10 11 12 13 14 15 16 17 18 19 20 21 22 23 24 25 26 27 28 29 30 31 32 33 34 0 1 2 3 4 5 6 7 8 9 10 11 12 13 14 15 16 17 18 19 20 21 22 23 24 25 26 27 28 29 30 31 32 33 34 0 1 2 3 4 5 6 7 8 9 10 11 12 13 14 15 16 17 18 19 20 21 22 23 24 25 26 27 28 29 30 31 32 33 34 0 1 2 3 4 5 6 7 8 9 10 11 12 13 14 15 16 17 18 19 20 21 22 23 24 25 26 27 28 29 30 31 32 33 34 0 1 2 3 4 5 6 7 8 9 10 11 12 13 14 15 16 17 18 19 20 21 22 23 24 25 26 27 28 29 30 31 32 33 34 0 1 2 3 4 5 6 7 8 9 10 11 0 1 2 3 4 5 6 7 8 9 10 11 0 1 2 3 4 5 6 7 8 9 10 11 0 1 2 3 4 5 6 7 8 9 10 11 0 1 2 3 4 5 6 7 8 9 10 11 0 1 2 3 4 5 6 7 8 9 10 11 0 1 2 3 4 5 12 13 14 15 16 17 0 1 2 3 4 5 12 13 14 15 16 17 0 1 2 3 4 5 12 13 14 15 16 17 0 1 2 3 4 5 12 13 14 15 16 17 0 1 2 3 4 5 12 13 14 15 16 17 0 1 2 3 4 5 12 13 14 15 16 17 0 1 2 3 4 5 18 19 20 21 22 23 24 25 26 27 28 29 30 31 32 33 34 0 1 2 3 4 5 18 19 20 21 22 23 24 25 26 27 28 29 30 31 32 33 34 0 1 2 3 4 5 18 19 20 21 22 23 24 25 26 27 28 29 30 31 32 33 34 0 1 2 3 4 5 18 19 20 21 22 23 24 25 26 27 0 1 2 3 4 5 18 19 20 21 22 23 24 25 26 27 0 1 2 3 4 5 18 19 20 21 22 23 24 25 26 27 0 1 2 3 4 5 18 19 20 21 22 23 24 25 26 27 0 1 2 3 4 5 18 19 20 21 22 23 24 25 26 27 0 1 2 3 4 5 18 19 20 21 22 23 24 25 26 27 0 1 2 3 4 5 18 19 20 21 22 23 24 25 26 27 0 1 2 3 4 5 18 19 20 28 29 30 31 32 33 34 0 1 2 3 4 5 18 19 20 28 29 30 31 32 33 34 0 1 2 3 4 5 18 19 20 28 29 30 31 32 33 34 0 1 2 3 4 5 18 19 20 28 29 30 31 32 33 34 0 1 2 3 4 5 18 19 20 28 29 30 31 32 33 34 0 1 2 3 4 5 18 19 20 28 29 30 31 32 33 34 0 1 2 3 4 5 18 19 20 28 29 30 31 32 33 34

mapM2D                0 2 5 9 14 20 27 35 44 54 65 77 84 92 101 111 122 134 141 149 158 168 179 191 204 218 233 249 259 270 282 295 309 324 340 2 1 4 8 13 19 26 34 43 53 64 76 83 91 100 110 121 133 140 148 157 167 178 190 203 217 232 248 258 269 281 294 308 323 339 5 4 3 7 12 18 25 33 42 52 63 75 82 90 99 109 120 132 139 147 156 166 177 189 202 216 231 247 257 268 280 293 307 322 338 9 8 7 6 11 17 24 32 41 51 62 74 81 89 98 108 119 131 138 146 155 165 176 188 201 215 230 246 256 267 279 292 306 321 337 14 13 12 11 10 16 23 31 40 50 61 73 80 88 97 107 118 130 137 145 154 164 175 187 200 214 229 245 255 266 278 291 305 320 336 20 19 18 17 16 15 22 30 39 49 60 72 79 87 96 106 117 129 136 144 153 163 174 186 199 213 228 244 254 265 277 290 304 319 335 27 26 25 24 23 22 21 29 38 48 59 71 35 34 33 32 31 30 29 28 37 47 58 70 44 43 42 41 40 39 38 37 36 46 57 69 54 53 52 51 50 49 48 47 46 45 56 68 65 64 63 62 61 60 59 58 57 56 55 67 77 76 75 74 73 72 71 70 69 68 67 66 84 83 82 81 80 79 78 86 95 105 116 128 92 91 90 89 88 87 86 85 94 104 115 127 101 100 99 98 97 96 95 94 93 103 114 126 111 110 109 108 107 106 105 104 103 102 113 125 122 121 120 119 118 117 116 115 114 113 112 124 134 133 132 131 130 129 128 127 126 125 124 123 141 140 139 138 137 136 135 143 152 162 173 185 198 212 227 243 253 264 276 289 303 318 334 149 148 147 146 145 144 143 142 151 161 172 184 197 211 226 242 252 263 275 288 302 317 333 158 157 156 155 154 153 152 151 150 160 171 183 196 210 225 241 251 262 274 287 301 316 332 168 167 166 165 164 163 162 161 160 159 170 182 195 209 224 240 179 178 177 176 175 174 173 172 171 170 169 181 194 208 223 239 191 190 189 188 187 186 185 184 183 182 181 180 193 207 222 238 204 203 202 201 200 199 198 197 196 195 194 193 192 206 221 237 218 217 216 215 214 213 212 211 210 209 208 207 206 205 220 236 233 232 231 230 229 228 227 226 225 224 223 222 221 220 219 235 249 248 247 246 245 244 243 242 241 240 239 238 237 236 235 234 259 258 257 256 255 254 253 252 251 250 261 273 286 300 315 331 270 269 268 267 266 265 264 263 262 261 260 272 285 299 314 330 282 281 280 279 278 277 276 275 274 273 272 271 284 298 313 329 295 294 293 292 291 290 289 288 287 286 285 284 283 297 312 328 309 308 307 306 305 304 303 302 301 300 299 298 297 296 311 327 324 323 322 321 320 319 318 317 316 315 314 313 312 311 310 326 340 339 338 337 336 335 334 333 332 331 330 329 328 327 326 325

mapD2M                0 36 35 72 71 70 108 107 106 105 144 143 142 141 140 180 179 178 177 176 175 216 215 214 213 212 211 210 229 228 227 226 225 224 223 222 242 241 240 239 238 237 236 235 234 255 254 253 252 251 250 249 248 247 246 268 267 266 265 264 263 262 261 260 259 258 281 280 279 278 277 276 275 274 273 272 271 270 288 287 286 285 284 283 282 301 300 299 298 297 296 295 294 314 313 312 311 310 309 308 307 306 327 326 325 324 323 322 321 320 319 318 340 339 338 337 336 335 334 333 332 331 330 353 352 351 350 349 348 347 346 345 344 343 342 360 359 358 357 356 355 354 384 383 382 381 380 379 378 377 408 407 406 405 404 403 402 401 400 432 431 430 429 428 427 426 425 424 423 449 448 447 446 445 444 443 442 441 440 439 466 465 464 463 462 461 460 459 458 457 456 455 483 482 481 480 479 478 477 476 475 474 473 472 471 500 499 498 497 496 495 494 493 492 491 490 489 488 487 517 516 515 514 513 512 511 510 509 508 507 506 505 504 503 534 533 532 531 530 529 528 527 526 525 524 523 522 521 520 519 544 543 542 541 540 539 538 537 536 535 561 560 559 558 557 556 555 554 553 552 551 578 577 576 575 574 573 572 571 570 569 568 567 595 594 593 592 591 590 589 588 587 586 585 584 583 612 611 610 609 608 607 606 605 604 603 602 601 600 599 629 628 627 626 625 624 623 622 621 620 619 618 617 616 615 646 645 644 643 642 641 640 639 638 637 636 635 634 633 632 631

CONTACT
  0:
     dim           3
     geoms         floor : left_foot_collision
     exclude       0
     efc_address   29
     solref         0.02      1       
     solimp         0.9       0.95      0.001     0.5       2       
     dist          -0.00018 
     includemargin  0       
     pos            0.094    -0.18     -8.8e-05 
     frame          0         0         1         0         1         0        -1         0         0       
     friction       0.6       0.6       0.005     0.0001    0.0001  
     mu             0.6     
  1:
     dim           3
     geoms         floor : right_foot_collision
     exclude       0
     efc_address   33
     solref         0.02      1       
     solimp         0.9       0.95      0.001     0.5       2       
     dist          -0.00048 
     includemargin  0       
     pos           -0.22      0.095    -0.00024 
     frame          0         0         1         0         1         0        -1         0         0       
     friction       0.6       0.6       0.005     0.0001    0.0001  
     mu             0.6     
  2:
     dim           3
     geoms         floor : right_foot_collision
     exclude       0
     efc_address   37
     solref         0.02      1       
     solimp         0.9       0.95      0.001     0.5       2       
     dist          -0.00053 
     includemargin  0       
     pos           -0.22     -0.11     -0.00027 
     frame          0         0         1         0         1         0        -1         0         0       
     friction       0.6       0.6       0.005     0.0001    0.0001  
     mu             0.6     
  3:
     dim           3
     geoms         floor : right_foot_collision
     exclude       0
     efc_address   41
     solref         0.02      1       
     solimp         0.9       0.95      0.001     0.5       2       
     dist          -0.00015 
     includemargin  0       
     pos           -0.15      0.097    -7.3e-05 
     frame          0         0         1         0         1         0        -1         0         0       
     friction       0.6       0.6       0.005     0.0001    0.0001  
     mu             0.6     
  4:
     dim           3
     geoms         floor : right_foot_collision
     exclude       0
     efc_address   45
     solref         0.02      1       
     solimp         0.9       0.95      0.001     0.5       2       
     dist          -0.0002  
     includemargin  0       
     pos           -0.15     -0.1      -9.9e-05 
     frame          0         0         1         0         1         0        -1         0         0       
     friction       0.6       0.6       0.005     0.0001    0.0001  
     mu             0.6     

EFC_TYPE
  1
  1
  1
  1
  1
  1
  1
  1
  1
  1
  1
  1
  1
  1
  1
  1
  1
  1
  1
  1
  1
  1
  1
  1
  1
  1
  1
  1
  1
  6
  6
  6
  6
  6
  6
  6
  6
  6
  6
  6
  6
  6
  6
  6
  6
  6
  6
  6
  6

EFC_ID
  6
  7
  8
  9
  10
  11
  12
  13
  14
  15
  16
  17
  18
  19
  20
  21
  22
  23
  24
  25
  26
  27
  28
  29
  30
  31
  32
  33
  34
  0
  0
  0
  0
  1
  1
  1
  1
  2
  2
  2
  2
  3
  3
  3
  3
  4
  4
  4
  4

EFC_J
   0         0         0         0         0         0         1         0         0         0         0         0         0         0         0         0         0         0         0         0         0         0         0         0         0         0         0         0         0         0         0         0         0         0         0       
   0         0         0         0         0         0         0         1         0         0         0         0         0         0         0         0         0         0         0         0         0         0         0         0         0         0         0         0         0         0         0         0         0         0         0       
   0         0         0         0         0         0         0         0         1         0         0         0         0         0         0         0         0         0         0         0         0         0         0         0         0         0         0         0         0         0         0         0         0         0         0       
   0         0         0         0         0         0         0         0         0         1         0         0         0         0         0         0         0         0         0         0         0         0         0         0         0         0         0         0         0         0         0         0         0         0         0       
   0         0         0         0         0         0         0         0         0         0         1         0         0         0         0         0         0         0         0         0         0         0         0         0         0         0         0         0         0         0         0         0         0         0         0       
   0         0         0         0         0         0         0         0         0         0         0         1         0         0         0         0         0         0         0         0         0         0         0         0         0         0         0         0         0         0         0         0         0         0         0       
   0         0         0         0         0         0         0         0         0         0         0         0         1         0         0         0         0         0         0         0         0         0         0         0         0         0         0         0         0         0         0         0         0         0         0       
   0         0         0         0         0         0         0         0         0         0         0         0         0         1         0         0         0         0         0         0         0         0         0         0         0         0         0         0         0         0         0         0         0         0         0       
   0         0         0         0         0         0         0         0         0         0         0         0         0         0         1         0         0         0         0         0         0         0         0         0         0         0         0         0         0         0         0         0         0         0         0       
   0         0         0         0         0         0         0         0         0         0         0         0         0         0         0         1         0         0         0         0         0         0         0         0         0         0         0         0         0         0         0         0         0         0         0       
   0         0         0         0         0         0         0         0         0         0         0         0         0         0         0         0         1         0         0         0         0         0         0         0         0         0         0         0         0         0         0         0         0         0         0       
   0         0         0         0         0         0         0         0         0         0         0         0         0         0         0         0         0         1         0         0         0         0         0         0         0         0         0         0         0         0         0         0         0         0         0       
   0         0         0         0         0         0         0         0         0         0         0         0         0         0         0         0         0         0         1         0         0         0         0         0         0         0         0         0         0         0         0         0         0         0         0       
   0         0         0         0         0         0         0         0         0         0         0         0         0         0         0         0         0         0         0         1         0         0         0         0         0         0         0         0         0         0         0         0         0         0         0       
   0         0         0         0         0         0         0         0         0         0         0         0         0         0         0         0         0         0         0         0         1         0         0         0         0         0         0         0         0         0         0         0         0         0         0       
   0         0         0         0         0         0         0         0         0         0         0         0         0         0         0         0         0         0         0         0         0         1         0         0         0         0         0         0         0         0         0         0         0         0         0       
   0         0         0         0         0         0         0         0         0         0         0         0         0         0         0         0         0         0         0         0         0         0         1         0         0         0         0         0         0         0         0         0         0         0         0       
   0         0         0         0         0         0         0         0         0         0         0         0         0         0         0         0         0         0         0         0         0         0         0         1         0         0         0         0         0         0         0         0         0         0         0       
   0         0         0         0         0         0         0         0         0         0         0         0         0         0         0         0         0         0         0         0         0         0         0         0         1         0         0         0         0         0         0         0         0         0         0       
   0         0         0         0         0         0         0         0         0         0         0         0         0         0         0         0         0         0         0         0         0         0         0         0         0         1         0         0         0         0         0         0         0         0         0       
   0         0         0         0         0         0         0         0         0         0         0         0         0         0         0         0         0         0         0         0         0         0         0         0         0         0         1         0         0         0         0         0         0         0         0       
   0         0         0         0         0         0         0         0         0         0         0         0         0         0         0         0         0         0         0         0         0         0         0         0         0         0         0         1         0         0         0         0         0         0         0       
   0         0         0         0         0         0         0         0         0         0         0         0         0         0         0         0         0         0         0         0         0         0         0         0         0         0         0         0         1         0         0         0         0         0         0       
   0         0         0         0         0         0         0         0         0         0         0         0         0         0         0         0         0         0         0         0         0         0         0         0         0         0         0         0         0         1         0         0         0         0         0       
   0         0         0         0         0         0         0         0         0         0         0         0         0         0         0         0         0         0         0         0         0         0         0         0         0         0         0         0         0         0         1         0         0         0         0       
   0         0         0         0         0         0         0         0         0         0         0         0         0         0         0         0         0         0         0         0         0         0         0         0         0         0         0         0         0         0         0         1         0         0         0       
   0         0         0         0         0         0         0         0         0         0         0         0         0         0         0         0         0         0         0         0         0         0         0         0         0         0         0         0         0         0         0         0         1         0         0       
   0         0         0         0         0         0         0         0         0         0         0         0         0         0         0         0         0         0         0         0         0         0         0         0         0         0         0         0         0         0         0         0         0         1         0       
   0         0         0         0         0         0         0         0         0         0         0         0         0         0         0         0         0         0         0         0         0         0         0         0         0         0         0         0         0         0         0         0         0         0         1       
   0         0.6       1         0.29      0.26      0.16      0.14      0.2      -0.047     0.16     -0.11     -0.016     0         0         0         0         0         0         0         0         0         0         0         0         0         0         0         0         0         0         0         0         0         0         0       
   0        -0.6       1         0.086    -0.77     -0.17     -0.55     -0.31      0.11     -0.27     -0.18     -0.059     0         0         0         0         0         0         0         0         0         0         0         0         0         0         0         0         0         0         0         0         0         0         0       
  -0.6       0         1        -0.33     -0.15     -0.14     -0.035    -0.48      0.072     0.083    -0.13     -0.069     0         0         0         0         0         0         0         0         0         0         0         0         0         0         0         0         0         0         0         0         0         0         0       
   0.6       0         1         0.7      -0.36      0.13     -0.37      0.38     -0.014    -0.2      -0.17     -0.0065    0         0         0         0         0         0         0         0         0         0         0         0         0         0         0         0         0         0         0         0         0         0         0       
   0         0.6       1         0.033     0.6      -0.027     0         0         0         0         0         0         0.5       0.11     -0.026     0.42      0.086    -0.031     0         0         0         0         0         0         0         0         0         0         0         0         0         0         0         0         0       
   0        -0.6       1        -0.17     -0.44      0.031     0         0         0         0         0         0        -0.36      0.032    -0.016    -0.063     0.014    -0.033     0         0         0         0         0         0         0         0         0         0         0         0         0         0         0         0         0       
  -0.6       0         1        -0.59      0.18      0.034     0         0         0         0         0         0         0.17     -0.4       0.13      0.2       0.053    -0.069     0         0         0         0         0         0         0         0         0         0         0         0         0         0         0         0         0       
   0.6       0         1         0.45     -0.019    -0.031     0         0         0         0         0         0        -0.036     0.54     -0.17      0.16      0.046     0.006     0         0         0         0         0         0         0         0         0         0         0         0         0         0         0         0         0       
   0         0.6       1        -0.00019   0.41     -0.032     0         0         0         0         0         0         0.33      0.11     -0.0056    0.22     -0.11     -0.031     0         0         0         0         0         0         0         0         0         0         0         0         0         0         0         0         0       
   0        -0.6       1        -0.21     -0.64      0.019     0         0         0         0         0         0        -0.53      0.023    -0.0021   -0.26     -0.19     -0.033     0         0         0         0         0         0         0         0         0         0         0         0         0         0         0         0         0       
  -0.6       0         1        -0.62     -0.0089   -0.094     0         0         0         0         0         0        -0.057    -0.43      0.024    -0.013    -0.16     -0.069     0         0         0         0         0         0         0         0         0         0         0         0         0         0         0         0         0       
   0.6       0         1         0.41     -0.22      0.08      0         0         0         0         0         0        -0.14      0.56     -0.032    -0.026    -0.14      0.006     0         0         0         0         0         0         0         0         0         0         0         0         0         0         0         0         0       
   0         0.6       1         0.1       0.59      0.016     0         0         0         0         0         0         0.51      0.19      0.0038    0.43      0.089     0.039     0         0         0         0         0         0         0         0         0         0         0         0         0         0         0         0         0       
   0        -0.6       1        -0.1      -0.45     -0.01      0         0         0         0         0         0        -0.39      0.093    -0.068    -0.067     0.01      0.037     0         0         0         0         0         0         0         0         0         0         0         0         0         0         0         0         0       
  -0.6       0         1        -0.52      0.17      0.037     0         0         0         0         0         0         0.17     -0.33      0.12      0.2       0.054     0.00067   0         0         0         0         0         0         0         0         0         0         0         0         0         0         0         0         0       
   0.6       0         1         0.52     -0.031    -0.031     0         0         0         0         0         0        -0.046     0.61     -0.18      0.16      0.046     0.076     0         0         0         0         0         0         0         0         0         0         0         0         0         0         0         0         0       
   0         0.6       1         0.068     0.39      0.011     0         0         0         0         0         0         0.34      0.18      0.024     0.23     -0.11      0.039     0         0         0         0         0         0         0         0         0         0         0         0         0         0         0         0         0       
   0        -0.6       1        -0.14     -0.65     -0.022     0         0         0         0         0         0        -0.56      0.085    -0.055    -0.27     -0.19      0.037     0         0         0         0         0         0         0         0         0         0         0         0         0         0         0         0         0       
  -0.6       0         1        -0.55     -0.021    -0.091     0         0         0         0         0         0        -0.065    -0.36      0.014    -0.013    -0.16      0.00068   0         0         0         0         0         0         0         0         0         0         0         0         0         0         0         0         0       
   0.6       0         1         0.48     -0.23      0.08      0         0         0         0         0         0        -0.15      0.63     -0.045    -0.026    -0.14      0.076     0         0         0         0         0         0         0         0         0         0         0         0         0         0         0         0         0       

EFC_POS
   0       
   0       
   0       
   0       
   0       
   0       
   0       
   0       
   0       
   0       
   0       
   0       
   0       
   0       
   0       
   0       
   0       
   0       
   0       
   0       
   0       
   0       
   0       
   0       
   0       
   0       
   0       
   0       
   0       
  -0.00018 
  -0.00018 
  -0.00018 
  -0.00018 
  -0.00048 
  -0.00048 
  -0.00048 
  -0.00048 
  -0.00053 
  -0.00053 
  -0.00053 
  -0.00053 
  -0.00015 
  -0.00015 
  -0.00015 
  -0.00015 
  -0.0002  
  -0.0002  
  -0.0002  
  -0.0002  

EFC_MARGIN
   0       
   0       
   0       
   0       
   0       
   0       
   0       
   0       
   0       
   0       
   0       
   0       
   0       
   0       
   0       
   0       
   0       
   0       
   0       
   0       
   0       
   0       
   0       
   0       
   0       
   0       
   0       
   0       
   0       
   0       
   0       
   0       
   0       
   0       
   0       
   0       
   0       
   0       
   0       
   0       
   0       
   0       
   0       
   0       
   0       
   0       
   0       
   0       
   0       

EFC_FRICTIONLOSS
   1.6     
   4.2     
   3.8     
   1.6     
   0.36    
   0.36    
   1.6     
   4.2     
   3.8     
   1.6     
   0.36    
   0.36    
   1.9     
   1.9     
   1.9     
   0.75    
   0.75    
   0.8     
   0.8     
   3.2     
   0.8     
   0.8     
   0.75    
   0.75    
   0.8     
   0.8     
   3.2     
   0.8     
   0.8     
   0       
   0       
   0       
   0       
   0       
   0       
   0       
   0       
   0       
   0       
   0       
   0       
   0       
   0       
   0       
   0       
   0       
   0       
   0       
   0       

EFC_DIAGAPPROX
   2.8     
   1.2     
   4       
   4.9     
   17      
   18      
   2.8     
   1.2     
   4       
   4.9     
   17      
   18      
   1.3     
   2.4     
   2.5     
   9.7     
   2.7     
   84      
   37      
   93      
   89      
   87      
   9.7     
   2.7     
   84      
   37      
   93      
   89      
   87      
   0.36    
   0.36    
   0.36    
   0.36    
   0.36    
   0.36    
   0.36    
   0.36    
   0.36    
   0.36    
   0.36    
   0.36    
   0.36    
   0.36    
   0.36    
   0.36    
   0.36    
   0.36    
   0.36    
   0.36    

EFC_KBIP
   0         1.1e+02   0.9       0       
   0         1.1e+02   0.9       0       
   0         1.1e+02   0.9       0       
   0         1.1e+02   0.9       0       
   0         1.1e+02   0.9       0       
   0         1.1e+02   0.9       0       
   0         1.1e+02   0.9       0       
   0         1.1e+02   0.9       0       
   0         1.1e+02   0.9       0       
   0         1.1e+02   0.9       0       
   0         1.1e+02   0.9       0       
   0         1.1e+02   0.9       0       
   0         1.1e+02   0.9       0       
   0         1.1e+02   0.9       0       
   0         1.1e+02   0.9       0       
   0         1.1e+02   0.9       0       
   0         1.1e+02   0.9       0       
   0         1.1e+02   0.9       0       
   0         1.1e+02   0.9       0       
   0         1.1e+02   0.9       0       
   0         1.1e+02   0.9       0       
   0         1.1e+02   0.9       0       
   0         1.1e+02   0.9       0       
   0         1.1e+02   0.9       0       
   0         1.1e+02   0.9       0       
   0         1.1e+02   0.9       0       
   0         1.1e+02   0.9       0       
   0         1.1e+02   0.9       0       
   0         1.1e+02   0.9       0       
   2.8e+03   1.1e+02   0.9      -35      
   2.8e+03   1.1e+02   0.9      -35      
   2.8e+03   1.1e+02   0.9      -35      
   2.8e+03   1.1e+02   0.9      -35      
   2.8e+03   1.1e+02   0.92     -96      
   2.8e+03   1.1e+02   0.92     -96      
   2.8e+03   1.1e+02   0.92     -96      
   2.8e+03   1.1e+02   0.92     -96      
   2.8e+03   1.1e+02   0.93     -94      
   2.8e+03   1.1e+02   0.93     -94      
   2.8e+03   1.1e+02   0.93     -94      
   2.8e+03   1.1e+02   0.93     -94      
   2.8e+03   1.1e+02   0.9      -29      
   2.8e+03   1.1e+02   0.9      -29      
   2.8e+03   1.1e+02   0.9      -29      
   2.8e+03   1.1e+02   0.9      -29      
   2.8e+03   1.1e+02   0.9      -40      
   2.8e+03   1.1e+02   0.9      -40      
   2.8e+03   1.1e+02   0.9      -40      
   2.8e+03   1.1e+02   0.9      -40      

EFC_D
   3.3     
   7.8     
   2.3     
   1.8     
   0.53    
   0.51    
   3.3     
   7.8     
   2.3     
   1.8     
   0.53    
   0.51    
   7.1     
   3.7     
   3.5     
   0.93    
   3.3     
   0.11    
   0.24    
   0.096   
   0.1     
   0.1     
   0.93    
   3.3     
   0.11    
   0.24    
   0.096   
   0.1     
   0.1     
   26      
   26      
   26      
   26      
   34      
   34      
   34      
   34      
   36      
   36      
   36      
   36      
   26      
   26      
   26      
   26      
   26      
   26      
   26      
   26      

EFC_R
   0.31    
   0.13    
   0.44    
   0.55    
   1.9     
   2       
   0.31    
   0.13    
   0.44    
   0.55    
   1.9     
   2       
   0.14    
   0.27    
   0.28    
   1.1     
   0.3     
   9.3     
   4.1     
   10      
   9.9     
   9.7     
   1.1     
   0.3     
   9.3     
   4.1     
   10      
   9.9     
   9.7     
   0.038   
   0.038   
   0.038   
   0.038   
   0.03    
   0.03    
   0.03    
   0.03    
   0.028   
   0.028   
   0.028   
   0.028   
   0.039   
   0.039   
   0.039   
   0.039   
   0.038   
   0.038   
   0.038   
   0.038   

ACTUATOR_VELOCITY
   3.1     
   0.0032  
   3.5     
  -3       
  -0.61    
   0.0025  
  -0.096   
  -0.59    
   1.3     
  -0.17    
   0.33    
   0.15    
  -0.52    
   0.099   
   0.82    
   2       
  -0.88    
  -0.088   
  -0.015   
   0.97    
   0.0081  
   0.039   
  -0.48    
  -0.054   
   0.11    
  -0.044   
  -0.0014  
   0.021   
   0.067   

CVEL
   0         0         0         0         0         0       
   0.074    -0.63     -1.1       0.08      0.0053    0.15    
   2.5      -0.11     -3        -0.023     0.1       0.043   
   2.5      -0.11     -3        -0.023     0.1       0.043   
   1.7       1.1       0.13      0.23     -0.31      0.27    
  -0.86     -0.56      0.082    -0.49      0.82     -0.36    
  -1.4      -0.89      0.072    -0.75      1.2      -0.43    
  -1.4      -0.89      0.072    -0.75      1.2      -0.43    
  -0.0048   -0.65     -1.2       0.078     0.0011    0.15    
  -0.046    -0.069    -1.3       0.11     -0.013     0.059   
  -0.17      0.15      0.024     0.11      0.2       0.024   
  -0.34      0.14      0.0088    0.11      0.28      0.012   
  -0.0067    0.15      0.037     0.12      0.017    -0.0085  
  -0.0023    3.3e-07   0.037     6.7e-05   0.014     0.00056 
  -0.026    -0.12     -1.1       0.051    -0.00034   0.15    
   0.07     -0.1      -1.1       0.049     0.013     0.14    
   0.037    -0.3      -0.32      0.11      0.019     0.15    
   1.9      -0.27      0.49      0.078     0.75      0.19    
   1.9       0.61      0.59     -0.33      0.71      0.34    
   1.9       0.62      0.51     -0.34      0.74      0.34    
   1.9       0.63      0.51     -0.34      0.74      0.35    
   1.8       0.68      1.5      -0.32      0.4       0.37    
   1.8       0.68      1.5      -0.32      0.39      0.37    
   1.8       0.65      1.5      -0.32      0.4       0.36    
  -0.42     -0.38     -0.19      0.14     -0.15      0.14    
  -0.43     -0.33     -0.18      0.11     -0.15      0.13    
  -0.39     -0.33     -0.08      0.11     -0.11      0.13    
  -0.43     -0.36     -0.07      0.11     -0.11      0.14    
  -0.43     -0.36     -0.072     0.11     -0.12      0.14    
  -0.41     -0.35     -0.078     0.11     -0.12      0.14    
  -0.36     -0.38     -0.056     0.11     -0.11      0.16    

CDOF_DOT
   0         0         0         0         0         0       
   0         0         0         0         0         0       
   0         0         0         0         0         0       
   0         0        -0         0.14      0.031    -0.12    
  -0         0         0        -0.029     0.15      0.0084  
   0         0        -0         0.017    -0.11     -0.0023  
   0.57     -0.84      0.51      0.029     0.2      -0.0093  
  -2.4      -2.5      -1.9      -0.18      0.44     -0.26    
   0.94     -1.5       0.84     -0.29     -0.37     -0.27    
  -0.053     0.082     0.0026    0.12     -0.096    -0.5     
  -0.053     0.082     0.0026    0.2      -0.16     -0.13    
   0.1      -0.024     1.6      -0.27     -0.5      -0.049   
  -0.17     -0.98      0.53      0.051     0.065     0.021   
  -1.3      -0.083     0.05      0.075     0.059    -0.11    
   0.14      0.16     -0.014     0.19     -0.12      0.009   
   0.012     0.038    -0.15      0.038     0.025    -0.13    
   0.012     0.038    -0.15      0.022    -0.018    -0.012   
   0.037     0.0011    0.0023    0.0014   -0.03     -0.00041 
  -1.1      -0.22      0.05      0.16     -0.031    -0.044   
   0.2      -1.1       0.11      0.13      0.17      0.0039  
  -0.36     -0.023    -0.021     0.055    -0.13     -0.0033  
  -0.11     -0.31      0.27      0.11      0.099    -0.007   
   0.51      0.27     -1.9       0.11      0.58      0.097   
   0.63     -1.9      -0.021     0.89      0.27     -0.41    
   0.49      0.096    -1.9       0.14      0.83     -0.039   
   0.6      -1.9       0.15      0.91      0.28     -0.63    
   0.81      1.1      -1.5       0.18      0.68     -0.28    
   0.72      0.47     -1.1      -0.44      0.1       0.78    
   0.14     -0.29      0.29      0.076     0.19     -0.0048  
  -0.14     -0.072     0.47      0.073     0.052     0.039   
  -0.32      0.35      0.12     -0.079    -0.045    -0.14    
   0.12     -0.14      3.4e-05   0.0055    0.06      0.082   
  -0.29      0.39     -0.22     -0.084    -0.18     -0.13    
   0.16     -0.17     -0.13     -0.022     0.032     0.24    
  -0.15      0.071     0.48     -0.066     0.2      -0.0076  

QFRC_BIAS
   22      
   21      
   6.2e+02 
   17      
  -18      
   5.5     
  -5.6     
   12      
  -1.7     
   1.8     
  -0.24    
   0.21    
  -1.7     
   4.3     
  -0.4     
   2.1     
  -0.21    
   0.0012  
  -3.4     
  -13      
   0.74    
   1.2     
   5.4     
   0.11    
   0.9     
  -0.0064  
   0.11    
   0.2     
  -0.32    
  -3.6     
  -0.38    
  -0.84    
   0.05    
  -0.057   
  -0.19    

QFRC_SPRING
   0       
   0       
   0       
   0       
   0       
   0       
   0       
   0       
   0       
   0       
   0       
   0       
   0       
   0       
   0       
   0       
   0       
   0       
   0       
   0       
   0       
   0       
   0       
   0       
   0       
   0       
   0       
   0       
   0       
   0       
   0       
   0       
   0       
   0       
   0       

QFRC_DAMPER
   0       
   0       
   0       
   0       
   0       
   0       
  -0.31    
  -0.0033  
  -1.6     
   0.3     
   0.081   
  -0.00034 
   0.0095  
   0.62    
  -0.63    
   0.017   
  -0.044   
  -0.02    
   0.49    
  -0.093   
  -0.77    
  -0.85    
   0.5     
   0.035   
   0.003   
  -1.6     
  -8.1e-05 
  -0.00039 
   0.2     
   0.031   
  -0.043   
   0.0089  
   0.0023  
  -0.00021 
  -0.00067 

QFRC_GRAVCOMP
   0       
   0       
   0       
   0       
   0       
   0       
   0       
   0       
   0       
   0       
   0       
   0       
   0       
   0       
   0       
   0       
   0       
   0       
   0       
   0       
   0       
   0       
   0       
   0       
   0       
   0       
   0       
   0       
   0       
   0       
   0       
   0       
   0       
   0       
   0       

QFRC_FLUID
   0       
   0       
   0       
   0       
   0       
   0       
   0       
   0       
   0       
   0       
   0       
   0       
   0       
   0       
   0       
   0       
   0       
   0       
   0       
   0       
   0       
   0       
   0       
   0       
   0       
   0       
   0       
   0       
   0       
   0       
   0       
   0       
   0       
   0       
   0       

QFRC_PASSIVE
   0       
   0       
   0       
   0       
   0       
   0       
  -0.31    
  -0.0033  
  -1.6     
   0.3     
   0.081   
  -0.00034 
   0.0095  
   0.62    
  -0.63    
   0.017   
  -0.044   
  -0.02    
   0.49    
  -0.093   
  -0.77    
  -0.85    
   0.5     
   0.035   
   0.003   
  -1.6     
  -8.1e-05 
  -0.00039 
   0.2     
   0.031   
  -0.043   
   0.0089  
   0.0023  
  -0.00021 
  -0.00067 

EFC_VEL
   3.1     
   0.0032  
   3.5     
  -3       
  -0.61    
   0.0025  
  -0.096   
  -0.59    
   1.3     
  -0.17    
   0.33    
   0.15    
  -0.52    
   0.099   
   0.82    
   2       
  -0.88    
  -0.088   
  -0.015   
   0.97    
   0.0081  
   0.039   
  -0.48    
  -0.054   
   0.11    
  -0.044   
  -0.0014  
   0.021   
   0.067   
   0.033   
  -0.033   
  -0.02    
   0.021   
   0.0051  
  -0.0045  
   0.0027  
  -0.0021  
   0.0057  
  -0.0042  
  -0.0013  
   0.0028  
   0.0067  
  -0.0061  
   0.0027  
  -0.0021  
   0.0073  
  -0.0057  
  -0.0013  
   0.0028  

EFC_AREF
  -3.3e+02 
  -0.33    
  -3.7e+02 
   3.2e+02 
   64      
  -0.27    
   10      
   62      
  -1.4e+02 
   18      
  -35      
  -16      
   55      
  -10      
  -86      
  -2.1e+02 
   93      
   9.2     
   1.6     
  -1e+02   
  -0.85    
  -4.1     
   50      
   5.7     
  -11      
   4.7     
   0.15    
  -2.2     
  -7       
  -3.1     
   3.9     
   2.6     
  -1.7     
   0.68    
   1.7     
   0.94    
   1.4     
   0.76    
   1.8     
   1.5     
   1.1     
  -0.34    
   1       
   0.075   
   0.59    
  -0.27    
   1.1     
   0.63    
   0.2     

SUBTREE_LINVEL
   0         0         0       
   0         0         0       
   0         0         0       
   0         0         0       
   0         0         0       
   0         0         0       
   0         0         0       
   0         0         0       
   0         0         0       
   0         0         0       
   0         0         0       
   0         0         0       
   0         0         0       
   0         0         0       
   0         0         0       
   0         0         0       
   0         0         0       
   0         0         0       
   0         0         0       
   0         0         0       
   0         0         0       
   0         0         0       
   0         0         0       
   0         0         0       
   0         0         0       
   0         0         0       
   0         0         0       
   0         0         0       
   0         0         0       
   0         0         0       
   0         0         0       

SUBTREE_ANGMOM
   0         0         0       
   0         0         0       
   0         0         0       
   0         0         0       
   0         0         0       
   0         0         0       
   0         0         0       
   0         0         0       
   0         0         0       
   0         0         0       
   0         0         0       
   0         0         0       
   0         0         0       
   0         0         0       
   0         0         0       
   0         0         0       
   0         0         0       
   0         0         0       
   0         0         0       
   0         0         0       
   0         0         0       
   0         0         0       
   0         0         0       
   0         0         0       
   0         0         0       
   0         0         0       
   0         0         0       
   0         0         0       
   0         0         0       
   0         0         0       
   0         0         0       

ACTUATOR_FORCE
  -2.4     
  -17      
   0.51    
   14      
   8.8     
   0.54    
   12      
  -35      
   13      
  -31      
   22      
   8.5     
  -9.9     
  -8.3     
   3.6     
   2.8     
   2.4     
  -0.69    
   0.13    
   4.7     
   0.14    
   0.55    
  -0.63    
  -3.7     
   0.38    
  -1.4     
   0.021   
   0.19    
   0.57    

QFRC_ACTUATOR
   0       
   0       
   0       
   0       
   0       
   0       
  -2.4     
  -17      
   0.51    
   14      
   8.8     
   0.54    
   12      
  -35      
   13      
  -31      
   22      
   8.5     
  -9.9     
  -8.3     
   3.6     
   2.8     
   2.4     
  -0.69    
   0.13    
   4.7     
   0.14    
   0.55    
  -0.63    
  -3.7     
   0.38    
  -1.4     
   0.021   
   0.19    
   0.57    

QFRC_SMOOTH
  -22      
  -21      
  -6.2e+02 
  -17      
   18      
  -5.5     
   2.9     
  -29      
   0.6     
   12      
   9.2     
   0.32    
   14      
  -39      
   12      
  -33      
   23      
   8.5     
  -6       
   4.7     
   2.1     
   0.72    
  -2.5     
  -0.76    
  -0.77    
   3.2     
   0.034   
   0.34    
  -0.11    
  -0.054   
   0.71    
  -0.51    
  -0.027   
   0.25    
   0.76    

QACC_SMOOTH
   0.76    
  -1.5     
  -9.8     
   25      
   2.4     
   11      
  -11      
  -46      
  -9.6     
   53      
   1.5e+02 
   11      
   41      
  -41      
   30      
  -1.6e+02 
   3.9e+02 
   1.6e+02 
  -27      
  -13      
  -1.9     
  -0.67    
   20      
  -74      
  -40      
   2.8e+02 
   0.23    
   61      
   26      
  -24      
   40      
  -53      
  -9.3     
   30      
   57      

EFC_B
   3.2e+02 
  -45      
   3.6e+02 
  -2.6e+02 
   85      
   11      
   31      
  -1e+02   
   1.7e+02 
  -1.8e+02 
   4.2e+02 
   1.7e+02 
  -81      
  -3.1     
   84      
   2.1e+02 
  -73      
  -83      
  -42      
   3.8e+02 
   1.1     
   66      
  -25      
  -30      
   51      
  -57      
  -9.5     
   32      
   64      
  -17      
  -37      
  -16      
  -38      
  -35      
  -22      
  -20      
  -36      
  -87      
  -75      
  -82      
  -79      
  -21      
  -15      
  -9.9     
  -26      
  -73      
  -68      
  -72      
  -69      

EFC_FORCE
  -1.6     
   3.6     
  -3.8     
   1.6     
   0.36    
   0.3     
   1.6     
   4.2     
  -3.8     
   1.6     
  -0.36    
  -0.36    
   1.9     
  -1.9     
  -1.9     
  -0.75    
   0.75    
   0.75    
   0.39    
  -3.2     
  -0.073   
  -0.4     
   0.75    
   0.75    
  -0.67    
   0.8     
   0.0086  
  -0.23    
  -0.72    
   5.6     
   9.6     
   0       
   41      
   45      
   46      
   38      
   53      
   44      
   46      
   53      
   38      
   7.7     
   16      
   6       
   18      
   4.7     
   14      
   15      
   4.3     

EFC_STATE
  3
  1
  3
  2
  2
  1
  2
  2
  3
  2
  3
  3
  2
  3
  3
  3
  2
  1
  1
  3
  1
  1
  2
  2
  1
  2
  1
  1
  1
  1
  1
  0
  1
  1
  1
  1
  1
  1
  1
  1
  1
  1
  1
  1
  1
  1
  1
  1
  1

QFRC_CONSTRAINT
   26      
  -16      
   5.1e+02 
  -2.8     
  -40      
   0.24    
  -21      
   17      
  -3.6     
  -8.1     
  -8.9     
  -0.62    
  -16      
   41      
  -14      
   33      
  -23      
  -8.5     
   1.9     
  -1.9     
  -1.9     
  -0.75    
   0.75    
   0.75    
   0.39    
  -3.2     
  -0.073   
  -0.4     
   0.75    
   0.75    
  -0.67    
   0.8     
   0.0086  
  -0.23    
  -0.72    

QFRC_INVERSE
   0       
   0       
   0       
   0       
   0       
   0       
   0       
   0       
   0       
   0       
   0       
   0       
   0       
   0       
   0       
   0       
   0       
   0       
   0       
   0       
   0       
   0       
   0       
   0       
   0       
   0       
   0       
   0       
   0       
   0       
   0       
   0       
   0       
   0       
   0       

CACC
   0         0         0        -0        -0         9.8     
  -1.7       12        6.5       0.2       0.65      7.3     
  -34        1.9       35        1.7      -0.088     8.8     
  -35        2.5       34        1.8      -0.015     8.9     
  -25       -12        12       -1.3       2         6.2     
   12        11        13        8.8      -14        17      
   17        14        13        11       -18        18      
   17        15        13        12       -18        18      
  -3.1       12        5.6       0.17      0.58      7.4     
  -1.5       0.78      7.5      -0.45      0.8       9.2     
  -0.61     -0.31     -0.47     -0.22     -0.66      9.4     
   2.5      -0.22     -0.17     -0.21     -2.1       9.7     
   0.0046   -0.28     -0.44     -0.27     -0.077     9.8     
   0.0043   -0.083    -0.44     -0.11     -0.076     9.8     
   1.1       0.63      6.3       0.75      0.79      7.3     
   0.85      0.48      6.3       0.76      0.78      7.3     
   0.61      0.78      4.9       0.71      0.66      7.3     
  -3.9       0.092     3.6       1        -0.82      7.2     
  -4.5       2.3       5.6      -0.22     -1.5       7.6     
  -5.5       2.1       7.7      -0.18     -2.4       7.5     
  -5.5       2.1       7.7      -0.19     -2.4       7.5     
  -4.5       0.0077    2.7       0.59     -0.3       6.8     
  -4.6       0.078     2.7       0.6      -0.28      6.8     
  -4.5       0.23      2.8       0.59     -0.32      6.9     
   6.9       2.1       2.9       0.27      2.9       7.4     
   6.5       4.7       3.2      -0.89      2.8       6.8     
   4.9       5        -1.6      -0.71      0.84      6.6     
   1.1       1.8      -0.56     -0.12      0.44      7.5     
   1.1       1.9      -0.51     -0.13      0.46      7.5     
   1.1       1.9      -0.52     -0.13      0.46      7.5     
   1.1       1.9      -0.49     -0.13      0.47      7.5     

CFRC_INT
   0.09     -0.072     0.046     0.054     0.11      0.072   
   0.09     -0.072     0.046     0.054     0.11      0.072   
  -0.61      5.9      -5.6      -12       -19        59      
  -1.4       6.5      -6.1      -6.9      -16        49      
  -2         7.6      -6.5      -5.6      -18        41      
   2.4       22       -5.2      -17       -8.9      -17      
   10        32       -3.8      -24        1.5      -47      
   10        32       -3.7      -24        1.6      -47      
   3.1      -18        4        -5.1       4.7      -3.3e+02 
   1.8      -21        3.6      -3.5       6.3      -3.5e+02 
   1.8      -23        3.4      -3.1       7.1      -3.6e+02 
   5.2      -32        2.8      -2.1       12       -4.2e+02 
   6.3      -33        2.7      -1.9       13       -4.4e+02 
   6.3      -33        2.7      -1.9       13       -4.4e+02 
  -5.5       10        1.3       18        9.9       1.9e+02 
  -6.1       10        1.3       17        8.7       1.7e+02 
  -6.2       9.9       1.3       17        8.4       1.7e+02 
  -1.1      -9.5       0.95      0.87      3.6       35      
  -0.91     -9.4       0.9       0.63      3.4       34      
  -0.14     -8.4       0.61     -0.49      2         26      
   0.22     -6.8       0.32     -0.98      0.92      19      
   0.22     -4.5       0.06     -0.93      0.13      12      
   0.049    -1.7      -0.031    -0.46     -0.094     4.3     
   0.032    -1.3      -0.021    -0.37     -0.061     3.2     
  -2.6       12       -0.11      2.2       0.3       36      
  -2.5       12       -0.16      1.9       0.44      34      
  -2.3       9.1      -0.43      0.49      1.2       26      
  -2         6.6      -0.52     -0.19      1.4       19      
  -1.5       4        -0.38     -0.33      0.94      12      
  -0.71      1.3      -0.16     -0.2       0.36      3.8     
  -0.57      1        -0.13     -0.16      0.28      2.9     

CFRC_EXT
   0         0         0         0         0         0       
   0         0         0         0         0         0       
   0         0         0         0         0         0       
   0         0         0         0         0         0       
   0         0         0         0         0         0       
   0         0         0         0         0         0       
   0         0         0         0         0         0       
  -12       -34        3.6       24       -2.4       56      
   0         0         0         0         0         0       
   0         0         0         0         0         0       
   0         0         0         0         0         0       
   0         0         0         0         0         0       
   0         0         0         0         0         0       
  -6.2       34       -2.7       1.9      -13        4.5e+02 
   0         0         0         0         0         0       
   0         0         0         0         0         0       
   0         0         0         0         0         0       
   0         0         0         0         0         0       
   0         0         0         0         0         0       
   0         0         0         0         0         0       
   0         0         0         0         0         0       
   0         0         0         0         0         0       
   0         0         0         0         0         0       
   0         0         0         0         0         0       
   0         0         0         0         0         0       
   0         0         0         0         0         0       
   0         0         0         0         0         0       
   0         0         0         0         0         0       
   0         0         0         0         0         0       
   0         0         0         0         0         0       
   0         0         0         0         0         0       

